a√±o_mes,tva,tipo_costo,valor_costo,ipc,ipc_empalme_ipim,valor_ipc,usd_blue,valor_usd,var_costo,var_ipc,var_costo_usd
2023-01-01,auto_cleas_si,cm_hs_chapa,2759,8.41,1202,23213,366,7.54,,,
2023-02-01,auto_cleas_si,cm_hs_chapa,3034,7.89,1282,23940,375,8.09,0.1,0.07,0.07
2023-03-01,auto_cleas_si,cm_hs_chapa,3136,7.33,1381,22981,380,8.25,0.03,0.08,0.02
2023-04-01,auto_cleas_si,cm_hs_chapa,3329,6.76,1497,22504,419,7.94,0.06,0.08,-0.04
2023-05-01,auto_cleas_si,cm_hs_chapa,3602,6.27,1613,22593,477,7.55,0.08,0.08,-0.05
2023-06-01,auto_cleas_si,cm_hs_chapa,3944,5.92,1709,23349,487,8.1,0.09,0.06,0.07
2023-07-01,auto_cleas_si,cm_hs_chapa,4319,5.57,1818,24044,516,8.37,0.1,0.06,0.03
2023-08-01,auto_cleas_si,cm_hs_chapa,4802,4.95,2044,23774,646,7.43,0.11,0.12,-0.11
2023-09-01,auto_cleas_si,cm_hs_chapa,5254,4.39,2304,23071,733,7.17,0.09,0.13,-0.03
2023-10-01,auto_cleas_si,cm_hs_chapa,5717,4.05,2496,23180,912,6.27,0.09,0.08,-0.13
2023-11-01,auto_cleas_si,cm_hs_chapa,6366,3.59,2816,22880,931,6.84,0.11,0.13,0.09
2023-12-01,auto_cleas_si,cm_hs_chapa,7112,2.86,3533,20373,965,7.37,0.12,0.25,0.08
2024-01-01,auto_cleas_si,cm_hs_chapa,7979,2.38,4261,18950,1141,6.99,0.12,0.21,-0.05
2024-02-01,auto_cleas_si,cm_hs_chapa,8936,2.1,4825,18741,1081,8.27,0.12,0.13,0.18
2024-03-01,auto_cleas_si,cm_hs_chapa,9992,1.89,5357,18878,1001,9.98,0.12,0.11,0.21
2024-04-01,auto_cleas_si,cm_hs_chapa,11771,1.74,5830,20434,1004,11.72,0.18,0.09,0.17
2024-05-01,auto_cleas_si,cm_hs_chapa,12627,1.67,6073,21041,1119,11.28,0.07,0.04,-0.04
2024-06-01,auto_cleas_si,cm_hs_chapa,13780,1.59,6351,21958,1278,10.78,0.09,0.05,-0.04
2024-07-01,auto_cleas_si,cm_hs_chapa,14524,1.53,6607,22247,1416,10.26,0.05,0.04,-0.05
2024-08-01,auto_cleas_si,cm_hs_chapa,15469,1.47,6883,22745,1340,11.54,0.07,0.04,0.12
2024-09-01,auto_cleas_si,cm_hs_chapa,16503,1.42,7122,23452,1243,13.28,0.07,0.03,0.15
2024-10-01,auto_cleas_si,cm_hs_chapa,17127,1.38,7313,23701,1201,14.26,0.04,0.03,0.07
2024-11-01,auto_cleas_si,cm_hs_chapa,18257,1.35,7491,24666,1124,16.24,0.07,0.02,0.14
2024-12-01,auto_cleas_si,cm_hs_chapa,18399,1.32,7694,24203,1105,16.65,0.01,0.03,0.03
2025-01-01,auto_cleas_si,cm_hs_chapa,19580,1.29,7864,25200,1216,16.1,0.06,0.02,-0.03
2025-02-01,auto_cleas_si,cm_hs_chapa,19736,1.26,8052,24805,1212,16.28,0.01,0.02,0.01
2025-03-01,auto_cleas_si,cm_hs_chapa,20683,1.21,8353,25060,1251,16.53,0.05,0.04,0.02
2025-04-01,auto_cleas_si,cm_hs_chapa,21976,1.18,8585,25906,1263,17.4,0.06,0.03,0.05
2025-05-01,auto_cleas_si,cm_hs_chapa,22921,1.16,8714,26621,1162,19.73,0.04,0.02,0.13
2025-06-01,auto_cleas_si,cm_hs_chapa,23861,1.14,8855,27271,1181,20.2,0.04,0.02,0.02
2025-07-01,auto_cleas_si,cm_hs_chapa,24489,1.12,9023,27467,1282,19.1,0.03,0.02,-0.05
2025-08-01,auto_cleas_si,cm_hs_chapa,25406,1.1,9193,27970,1329,19.12,0.04,0.02,0.0
2025-09-01,auto_cleas_si,cm_hs_chapa,26143,1.08,9384,28196,1406,18.593662873399715,0.02899669369440283,0.02,-0.03
2025-10-01,auto_cleas_si,cm_hs_chapa,26427,1.05,9603,27851,1462,18.07620383036936,0.010890998592723244,0.02,-0.03
2025-11-01,auto_cleas_si,cm_hs_chapa,26883,1.03,9841,27648,1426,18.842964316260698,0.01724421727289971,0.02,0.04
2025-12-01,auto_cleas_si,cm_hs_chapa,28243,1.0,10121,28242,1446,19.52049614129877,0.05057335213570746,0.03,0.04
2023-01-01,auto_cleas_no,cm_hs_chapa,2899,8.41,1202,24390,366,7.92,,,
2023-02-01,auto_cleas_no,cm_hs_chapa,2993,7.89,1282,23616,375,7.98,0.03,0.07,0.01
2023-03-01,auto_cleas_no,cm_hs_chapa,3209,7.33,1381,23516,380,8.45,0.07,0.08,0.06
2023-04-01,auto_cleas_no,cm_hs_chapa,3373,6.76,1497,22801,419,8.05,0.05,0.08,-0.05
2023-05-01,auto_cleas_no,cm_hs_chapa,3580,6.27,1613,22455,477,7.51,0.06,0.08,-0.07
2023-06-01,auto_cleas_no,cm_hs_chapa,3782,5.92,1709,22390,487,7.77,0.06,0.06,0.03
2023-07-01,auto_cleas_no,cm_hs_chapa,4144,5.57,1818,23069,516,8.03,0.1,0.06,0.03
2023-08-01,auto_cleas_no,cm_hs_chapa,4381,4.95,2044,21690,646,6.78,0.06,0.12,-0.16
2023-09-01,auto_cleas_no,cm_hs_chapa,4844,4.39,2304,21270,733,6.61,0.11,0.13,-0.03
2023-10-01,auto_cleas_no,cm_hs_chapa,5181,4.05,2496,21006,912,5.68,0.07,0.08,-0.14
2023-11-01,auto_cleas_no,cm_hs_chapa,5761,3.59,2816,20705,931,6.19,0.11,0.13,0.09
2023-12-01,auto_cleas_no,cm_hs_chapa,6595,2.86,3533,18892,965,6.83,0.14,0.25,0.1
2024-01-01,auto_cleas_no,cm_hs_chapa,8199,2.38,4261,19473,1141,7.19,0.24,0.21,0.05
2024-02-01,auto_cleas_no,cm_hs_chapa,9621,2.1,4825,20178,1081,8.9,0.17,0.13,0.24
2024-03-01,auto_cleas_no,cm_hs_chapa,10487,1.89,5357,19813,1001,10.48,0.09,0.11,0.18
2024-04-01,auto_cleas_no,cm_hs_chapa,10712,1.74,5830,18596,1004,10.67,0.02,0.09,0.02
2024-05-01,auto_cleas_no,cm_hs_chapa,12687,1.67,6073,21141,1119,11.34,0.18,0.04,0.06
2024-06-01,auto_cleas_no,cm_hs_chapa,12027,1.59,6351,19164,1278,9.41,-0.05,0.05,-0.17
2024-07-01,auto_cleas_no,cm_hs_chapa,15195,1.53,6607,23274,1416,10.73,0.26,0.04,0.14
2024-08-01,auto_cleas_no,cm_hs_chapa,16415,1.47,6883,24136,1340,12.25,0.08,0.04,0.14
2024-09-01,auto_cleas_no,cm_hs_chapa,16943,1.42,7122,24077,1243,13.63,0.03,0.03,0.11
2024-10-01,auto_cleas_no,cm_hs_chapa,17687,1.38,7313,24476,1201,14.73,0.04,0.03,0.08
2024-11-01,auto_cleas_no,cm_hs_chapa,18732,1.35,7491,25308,1124,16.67,0.06,0.02,0.13
2024-12-01,auto_cleas_no,cm_hs_chapa,19097,1.32,7694,25121,1105,17.28,0.02,0.03,0.04
2025-01-01,auto_cleas_no,cm_hs_chapa,20183,1.29,7864,25976,1216,16.6,0.06,0.02,-0.04
2025-02-01,auto_cleas_no,cm_hs_chapa,19043,1.26,8052,23934,1212,15.71,-0.06,0.02,-0.05
2025-03-01,auto_cleas_no,cm_hs_chapa,22709,1.21,8353,27515,1251,18.15,0.19,0.04,0.16
2025-04-01,auto_cleas_no,cm_hs_chapa,22055,1.18,8585,26000,1263,17.46,-0.03,0.03,-0.04
2025-05-01,auto_cleas_no,cm_hs_chapa,22743,1.16,8714,26414,1162,19.57,0.03,0.02,0.12
2025-06-01,auto_cleas_no,cm_hs_chapa,23474,1.14,8855,26829,1181,19.88,0.03,0.02,0.02
2025-07-01,auto_cleas_no,cm_hs_chapa,24566,1.12,9023,27553,1282,19.16,0.05,0.02,-0.04
2025-08-01,auto_cleas_no,cm_hs_chapa,25532,1.1,9193,28109,1329,19.21,0.04,0.02,0.0
2025-09-01,auto_cleas_no,cm_hs_chapa,25724,1.08,9384,27744,1406,18.295718349928876,0.007511358295472226,0.02,-0.05
2025-10-01,auto_cleas_no,cm_hs_chapa,26577,1.05,9603,28008,1462,18.17837893296854,0.03316036756650864,0.02,-0.01
2025-11-01,auto_cleas_no,cm_hs_chapa,27163,1.03,9841,27935,1426,19.03881580711201,0.022040284022261547,0.02,0.05
2025-12-01,auto_cleas_no,cm_hs_chapa,28028,1.0,10121,28027,1446,19.37205364266136,0.03185930628751721,0.03,0.02
2023-01-01,camion_cleas_si,cm_hs_chapa,2223,8.41,1202,18703,366,6.07,,,
2023-02-01,camion_cleas_si,cm_hs_chapa,,7.89,1282,0,375,0.0,0.0,0.07,-1.0
2023-03-01,camion_cleas_si,cm_hs_chapa,2296,7.33,1381,16825,380,6.04,0.03,0.08,inf
2023-04-01,camion_cleas_si,cm_hs_chapa,2632,6.76,1497,17792,419,6.28,0.15,0.08,0.04
2023-05-01,camion_cleas_si,cm_hs_chapa,1,6.27,1613,6,477,0.0,-1.0,0.08,-1.0
2023-06-01,camion_cleas_si,cm_hs_chapa,5717,5.92,1709,33846,487,11.74,5716.0,0.06,inf
2023-07-01,camion_cleas_si,cm_hs_chapa,6000,5.57,1818,33402,516,11.63,0.05,0.06,-0.01
2023-08-01,camion_cleas_si,cm_hs_chapa,3500,4.95,2044,17328,646,5.42,-0.42,0.12,-0.53
2023-09-01,camion_cleas_si,cm_hs_chapa,3477,4.39,2304,15268,733,4.74,-0.01,0.13,-0.13
2023-10-01,camion_cleas_si,cm_hs_chapa,6977,4.05,2496,28288,912,7.65,1.01,0.08,0.61
2023-11-01,camion_cleas_si,cm_hs_chapa,1169,3.59,2816,4201,931,1.26,-0.83,0.13,-0.84
2023-12-01,camion_cleas_si,cm_hs_chapa,,2.86,3533,0,965,0.0,0.0,0.25,-1.0
2024-01-01,camion_cleas_si,cm_hs_chapa,,2.38,4261,0,1141,0.0,0.0,0.21,
2024-02-01,camion_cleas_si,cm_hs_chapa,0,2.1,4825,0,1081,0.0,-1.0,0.13,
2024-03-01,camion_cleas_si,cm_hs_chapa,12000,1.89,5357,22672,1001,11.99,inf,0.11,inf
2024-04-01,camion_cleas_si,cm_hs_chapa,6609,1.74,5830,11473,1004,6.58,-0.45,0.09,-0.45
2024-05-01,camion_cleas_si,cm_hs_chapa,11863,1.67,6073,19768,1119,10.6,0.79,0.04,0.61
2024-06-01,camion_cleas_si,cm_hs_chapa,,1.59,6351,0,1278,0.0,0.0,0.05,-1.0
2024-07-01,camion_cleas_si,cm_hs_chapa,16464,1.53,6607,25218,1416,11.63,0.39,0.04,inf
2024-08-01,camion_cleas_si,cm_hs_chapa,55000,1.47,6883,80871,1340,41.04,2.34,0.04,2.53
2024-09-01,camion_cleas_si,cm_hs_chapa,7647,1.42,7122,10867,1243,6.15,-0.86,0.03,-0.85
2024-10-01,camion_cleas_si,cm_hs_chapa,21385,1.38,7313,29593,1201,17.81,1.8,0.03,1.9
2024-11-01,camion_cleas_si,cm_hs_chapa,19268,1.35,7491,26032,1124,17.14,-0.1,0.02,-0.04
2024-12-01,camion_cleas_si,cm_hs_chapa,17669,1.32,7694,23243,1105,15.99,-0.08,0.03,-0.07
2025-01-01,camion_cleas_si,cm_hs_chapa,17844,1.29,7864,22965,1216,14.67,0.01,0.02,-0.08
2025-02-01,camion_cleas_si,cm_hs_chapa,24722,1.26,8052,31071,1212,20.4,0.39,0.02,0.39
2025-03-01,camion_cleas_si,cm_hs_chapa,25329,1.21,8353,30690,1251,20.25,0.02,0.04,-0.01
2025-04-01,camion_cleas_si,cm_hs_chapa,22500,1.18,8585,26524,1263,17.81,-0.11,0.03,-0.12
2025-05-01,camion_cleas_si,cm_hs_chapa,23157,1.16,8714,26895,1162,19.93,0.03,0.02,0.12
2025-06-01,camion_cleas_si,cm_hs_chapa,24978,1.14,8855,28548,1181,21.15,0.08,0.02,0.06
2025-07-01,camion_cleas_si,cm_hs_chapa,26873,1.12,9023,30141,1282,20.96,0.08,0.02,-0.01
2025-08-01,camion_cleas_si,cm_hs_chapa,26277,1.1,9193,28929,1329,19.77,-0.02,0.02,-0.06
2025-09-01,camion_cleas_si,cm_hs_chapa,24231,1.08,9384,26135,1406,17.234182076813653,-0.07785287513795336,0.02,-0.13
2025-10-01,camion_cleas_si,cm_hs_chapa,20443,1.05,9603,21545,1462,13.983180574555403,-0.1563208021374043,0.02,-0.19
2025-11-01,camion_cleas_si,cm_hs_chapa,19500,1.03,9841,20054,1426,13.667969621360445,-0.04614738930540452,0.02,-0.02
2025-12-01,camion_cleas_si,cm_hs_chapa,23809,1.0,10121,23808,1446,16.455877706422747,0.2209610256410257,0.03,0.2
2023-01-01,camion_cleas_no,cm_hs_chapa,6411,8.41,1202,53939,366,17.52,,,
2023-02-01,camion_cleas_no,cm_hs_chapa,5689,7.89,1282,44889,375,15.17,-0.11,0.07,-0.13
2023-03-01,camion_cleas_no,cm_hs_chapa,5904,7.33,1381,43265,380,15.54,0.04,0.08,0.02
2023-04-01,camion_cleas_no,cm_hs_chapa,8086,6.76,1497,54662,419,19.3,0.37,0.08,0.24
2023-05-01,camion_cleas_no,cm_hs_chapa,7483,6.27,1613,46937,477,15.69,-0.07,0.08,-0.19
2023-06-01,camion_cleas_no,cm_hs_chapa,7304,5.92,1709,43241,487,15.0,-0.02,0.06,-0.04
2023-07-01,camion_cleas_no,cm_hs_chapa,8372,5.57,1818,46607,516,16.23,0.15,0.06,0.08
2023-08-01,camion_cleas_no,cm_hs_chapa,9621,4.95,2044,47634,646,14.89,0.15,0.12,-0.08
2023-09-01,camion_cleas_no,cm_hs_chapa,10013,4.39,2304,43969,733,13.66,0.04,0.13,-0.08
2023-10-01,camion_cleas_no,cm_hs_chapa,10879,4.05,2496,44109,912,11.93,0.09,0.08,-0.13
2023-11-01,camion_cleas_no,cm_hs_chapa,13869,3.59,2816,49847,931,14.9,0.27,0.13,0.25
2023-12-01,camion_cleas_no,cm_hs_chapa,16387,2.86,3533,46943,965,16.98,0.18,0.25,0.14
2024-01-01,camion_cleas_no,cm_hs_chapa,17963,2.38,4261,42663,1141,15.74,0.1,0.21,-0.07
2024-02-01,camion_cleas_no,cm_hs_chapa,28790,2.1,4825,60382,1081,26.63,0.6,0.13,0.69
2024-03-01,camion_cleas_no,cm_hs_chapa,23909,1.89,5357,45172,1001,23.89,-0.17,0.11,-0.1
2024-04-01,camion_cleas_no,cm_hs_chapa,21457,1.74,5830,37249,1004,21.37,-0.1,0.09,-0.11
2024-05-01,camion_cleas_no,cm_hs_chapa,28139,1.67,6073,46891,1119,25.15,0.31,0.04,0.18
2024-06-01,camion_cleas_no,cm_hs_chapa,26201,1.59,6351,41750,1278,20.5,-0.07,0.05,-0.18
2024-07-01,camion_cleas_no,cm_hs_chapa,31343,1.53,6607,48009,1416,22.13,0.2,0.04,0.08
2024-08-01,camion_cleas_no,cm_hs_chapa,32003,1.47,6883,47057,1340,23.88,0.02,0.04,0.08
2024-09-01,camion_cleas_no,cm_hs_chapa,33533,1.42,7122,47653,1243,26.98,0.05,0.03,0.13
2024-10-01,camion_cleas_no,cm_hs_chapa,35669,1.38,7313,49360,1201,29.7,0.06,0.03,0.1
2024-11-01,camion_cleas_no,cm_hs_chapa,24847,1.35,7491,33569,1124,22.11,-0.3,0.02,-0.26
2024-12-01,camion_cleas_no,cm_hs_chapa,36044,1.32,7694,47415,1105,32.62,0.45,0.03,0.48
2025-01-01,camion_cleas_no,cm_hs_chapa,37632,1.29,7864,48433,1216,30.95,0.04,0.02,-0.05
2025-02-01,camion_cleas_no,cm_hs_chapa,37029,1.26,8052,46539,1212,30.55,-0.02,0.02,-0.01
2025-03-01,camion_cleas_no,cm_hs_chapa,48747,1.21,8353,59064,1251,38.97,0.32,0.04,0.28
2025-04-01,camion_cleas_no,cm_hs_chapa,44366,1.18,8585,52302,1263,35.13,-0.09,0.03,-0.1
2025-05-01,camion_cleas_no,cm_hs_chapa,48240,1.16,8714,56027,1162,41.51,0.09,0.02,0.18
2025-06-01,camion_cleas_no,cm_hs_chapa,44907,1.14,8855,51325,1181,38.02,-0.07,0.02,-0.08
2025-07-01,camion_cleas_no,cm_hs_chapa,49885,1.12,9023,55951,1282,38.91,0.11,0.02,0.02
2025-08-01,camion_cleas_no,cm_hs_chapa,50942,1.1,9193,56084,1329,38.33,0.02,0.02,-0.01
2025-09-01,camion_cleas_no,cm_hs_chapa,52568,1.08,9384,56697,1406,37.388229018492176,0.031915708060146875,0.02,-0.02
2025-10-01,camion_cleas_no,cm_hs_chapa,53168,1.05,9603,56033,1462,36.366853625171,0.011423141711141005,0.02,-0.03
2025-11-01,camion_cleas_no,cm_hs_chapa,55917,1.03,9841,57507,1426,39.193246340795405,0.051692416953397435,0.02,0.08
2025-12-01,camion_cleas_no,cm_hs_chapa,54096,1.0,10121,54096,1446,37.38956689337031,-0.03256019574817837,0.03,-0.05
2023-01-01,auto_cleas_si,cm_hs_elect,2910,8.41,1202,24483,366,7.95,,,
2023-02-01,auto_cleas_si,cm_hs_elect,4218,7.89,1282,33282,375,11.25,0.45,0.07,0.42
2023-03-01,auto_cleas_si,cm_hs_elect,5020,7.33,1381,36787,380,13.21,0.19,0.08,0.17
2023-04-01,auto_cleas_si,cm_hs_elect,7105,6.76,1497,48030,419,16.96,0.42,0.08,0.28
2023-05-01,auto_cleas_si,cm_hs_elect,3611,6.27,1613,22650,477,7.57,-0.49,0.08,-0.55
2023-06-01,auto_cleas_si,cm_hs_elect,4620,5.92,1709,27351,487,9.49,0.28,0.06,0.25
2023-07-01,auto_cleas_si,cm_hs_elect,1506,5.57,1818,8383,516,2.92,-0.67,0.06,-0.69
2023-08-01,auto_cleas_si,cm_hs_elect,3900,4.95,2044,19309,646,6.04,1.59,0.12,1.07
2023-09-01,auto_cleas_si,cm_hs_elect,6360,4.39,2304,27927,733,8.68,0.63,0.13,0.44
2023-10-01,auto_cleas_si,cm_hs_elect,7236,4.05,2496,29339,912,7.93,0.14,0.08,-0.09
2023-11-01,auto_cleas_si,cm_hs_elect,11276,3.59,2816,40527,931,12.11,0.56,0.13,0.53
2023-12-01,auto_cleas_si,cm_hs_elect,7150,2.86,3533,20482,965,7.41,-0.37,0.25,-0.39
2024-01-01,auto_cleas_si,cm_hs_elect,7000,2.38,4261,16625,1141,6.13,-0.02,0.21,-0.17
2024-02-01,auto_cleas_si,cm_hs_elect,10598,2.1,4825,22227,1081,9.8,0.51,0.13,0.6
2024-03-01,auto_cleas_si,cm_hs_elect,28337,1.89,5357,53538,1001,28.31,1.67,0.11,1.89
2024-04-01,auto_cleas_si,cm_hs_elect,9956,1.74,5830,17283,1004,9.92,-0.65,0.09,-0.65
2024-05-01,auto_cleas_si,cm_hs_elect,24000,1.67,6073,39994,1119,21.45,1.41,0.04,1.16
2024-06-01,auto_cleas_si,cm_hs_elect,15250,1.59,6351,24300,1278,11.93,-0.36,0.05,-0.44
2024-07-01,auto_cleas_si,cm_hs_elect,15650,1.53,6607,23971,1416,11.05,0.03,0.04,-0.07
2024-08-01,auto_cleas_si,cm_hs_elect,10844,1.47,6883,15944,1340,8.09,-0.31,0.04,-0.27
2024-09-01,auto_cleas_si,cm_hs_elect,18488,1.42,7122,26273,1243,14.87,0.7,0.03,0.84
2024-10-01,auto_cleas_si,cm_hs_elect,24500,1.38,7313,33904,1201,20.4,0.33,0.03,0.37
2024-11-01,auto_cleas_si,cm_hs_elect,15293,1.35,7491,20661,1124,13.61,-0.38,0.02,-0.33
2024-12-01,auto_cleas_si,cm_hs_elect,16430,1.32,7694,21613,1105,14.87,0.07,0.03,0.09
2025-01-01,auto_cleas_si,cm_hs_elect,19142,1.29,7864,24636,1216,15.74,0.17,0.02,0.06
2025-02-01,auto_cleas_si,cm_hs_elect,23476,1.26,8052,29505,1212,19.37,0.23,0.02,0.23
2025-03-01,auto_cleas_si,cm_hs_elect,59730,1.21,8353,72372,1251,47.75,1.54,0.04,1.47
2025-04-01,auto_cleas_si,cm_hs_elect,21820,1.18,8585,25723,1263,17.28,-0.63,0.03,-0.64
2025-05-01,auto_cleas_si,cm_hs_elect,36455,1.16,8714,42340,1162,31.37,0.67,0.02,0.82
2025-06-01,auto_cleas_si,cm_hs_elect,53333,1.14,8855,60956,1181,45.16,0.46,0.02,0.44
2025-07-01,auto_cleas_si,cm_hs_elect,33860,1.12,9023,37977,1282,26.41,-0.37,0.02,-0.42
2025-08-01,auto_cleas_si,cm_hs_elect,20961,1.1,9193,23077,1329,15.77,-0.38,0.02,-0.4
2025-09-01,auto_cleas_si,cm_hs_elect,32703,1.08,9384,35272,1406,23.259658605974398,0.5601870139783409,0.02,0.47
2025-10-01,auto_cleas_si,cm_hs_elect,25235,1.05,9603,26594,1462,17.26042407660739,-0.2283680925466347,0.02,-0.26
2025-11-01,auto_cleas_si,cm_hs_elect,21444,1.03,9841,22054,1426,15.030876469065795,-0.15020127015376428,0.02,-0.13
2025-12-01,auto_cleas_si,cm_hs_elect,41525,1.0,10121,41525,1446,28.7008183448265,0.9363984620729373,0.03,0.91
2023-01-01,auto_cleas_no,cm_hs_elect,4467,8.41,1202,37583,366,12.2,,,
2023-02-01,auto_cleas_no,cm_hs_elect,4166,7.89,1282,32872,375,11.11,-0.07,0.07,-0.09
2023-03-01,auto_cleas_no,cm_hs_elect,4157,7.33,1381,30463,380,10.94,0.0,0.08,-0.02
2023-04-01,auto_cleas_no,cm_hs_elect,6347,6.76,1497,42906,419,15.15,0.53,0.08,0.38
2023-05-01,auto_cleas_no,cm_hs_elect,5127,6.27,1613,32159,477,10.75,-0.19,0.08,-0.29
2023-06-01,auto_cleas_no,cm_hs_elect,5734,5.92,1709,33946,487,11.77,0.12,0.06,0.09
2023-07-01,auto_cleas_no,cm_hs_elect,5284,5.57,1818,29416,516,10.24,-0.08,0.06,-0.13
2023-08-01,auto_cleas_no,cm_hs_elect,5552,4.95,2044,27488,646,8.59,0.05,0.12,-0.16
2023-09-01,auto_cleas_no,cm_hs_elect,6708,4.39,2304,29456,733,9.15,0.21,0.13,0.07
2023-10-01,auto_cleas_no,cm_hs_elect,8563,4.05,2496,34719,912,9.39,0.28,0.08,0.03
2023-11-01,auto_cleas_no,cm_hs_elect,7423,3.59,2816,26679,931,7.97,-0.13,0.13,-0.15
2023-12-01,auto_cleas_no,cm_hs_elect,9641,2.86,3533,27618,965,9.99,0.3,0.25,0.25
2024-01-01,auto_cleas_no,cm_hs_elect,10050,2.38,4261,23869,1141,8.81,0.04,0.21,-0.12
2024-02-01,auto_cleas_no,cm_hs_elect,10608,2.1,4825,22248,1081,9.81,0.06,0.13,0.11
2024-03-01,auto_cleas_no,cm_hs_elect,12674,1.89,5357,23945,1001,12.66,0.19,0.11,0.29
2024-04-01,auto_cleas_no,cm_hs_elect,14867,1.74,5830,25809,1004,14.81,0.17,0.09,0.17
2024-05-01,auto_cleas_no,cm_hs_elect,17003,1.67,6073,28334,1119,15.19,0.14,0.04,0.03
2024-06-01,auto_cleas_no,cm_hs_elect,16153,1.59,6351,25739,1278,12.64,-0.05,0.05,-0.17
2024-07-01,auto_cleas_no,cm_hs_elect,17904,1.53,6607,27424,1416,12.64,0.11,0.04,0.0
2024-08-01,auto_cleas_no,cm_hs_elect,26751,1.47,6883,39334,1340,19.96,0.49,0.04,0.58
2024-09-01,auto_cleas_no,cm_hs_elect,16754,1.42,7122,23808,1243,13.48,-0.37,0.03,-0.32
2024-10-01,auto_cleas_no,cm_hs_elect,21280,1.38,7313,29448,1201,17.72,0.27,0.03,0.31
2024-11-01,auto_cleas_no,cm_hs_elect,21588,1.35,7491,29166,1124,19.21,0.01,0.02,0.08
2024-12-01,auto_cleas_no,cm_hs_elect,21454,1.32,7694,28222,1105,19.42,-0.01,0.03,0.01
2025-01-01,auto_cleas_no,cm_hs_elect,26348,1.29,7864,33910,1216,21.67,0.23,0.02,0.12
2025-02-01,auto_cleas_no,cm_hs_elect,32705,1.26,8052,41105,1212,26.98,0.24,0.02,0.25
2025-03-01,auto_cleas_no,cm_hs_elect,29328,1.21,8353,35535,1251,23.44,-0.1,0.04,-0.13
2025-04-01,auto_cleas_no,cm_hs_elect,28749,1.18,8585,33891,1263,22.76,-0.02,0.03,-0.03
2025-05-01,auto_cleas_no,cm_hs_elect,32256,1.16,8714,37463,1162,27.76,0.12,0.02,0.22
2025-06-01,auto_cleas_no,cm_hs_elect,33031,1.14,8855,37752,1181,27.97,0.02,0.02,0.01
2025-07-01,auto_cleas_no,cm_hs_elect,41559,1.12,9023,46612,1282,32.42,0.26,0.02,0.16
2025-08-01,auto_cleas_no,cm_hs_elect,38097,1.1,9193,41943,1329,28.67,-0.08,0.02,-0.12
2025-09-01,auto_cleas_no,cm_hs_elect,32612,1.08,9384,35174,1406,23.195106685633,-0.1439661915636402,0.02,-0.19
2025-10-01,auto_cleas_no,cm_hs_elect,27723,1.05,9603,29216,1462,18.962455540355677,-0.14991911032395122,0.02,-0.18
2025-11-01,auto_cleas_no,cm_hs_elect,29559,1.03,9841,30399,1426,20.718286849678446,0.06620938271355548,0.02,0.09
2025-12-01,auto_cleas_no,cm_hs_elect,32690,1.0,10121,32689,1446,22.59407904610694,0.10592469748269884,0.03,0.09
2023-01-01,camion_cleas_si,cm_hs_elect,65535,8.41,1202,551384,366,,,,
2023-02-01,camion_cleas_si,cm_hs_elect,,7.89,1282,0,375,,0.0,0.07,
2023-03-01,camion_cleas_si,cm_hs_elect,65535,7.33,1381,480251,380,,0.0,0.08,
2023-04-01,camion_cleas_si,cm_hs_elect,65535,6.76,1497,443025,419,,0.0,0.08,
2023-05-01,camion_cleas_si,cm_hs_elect,65535,6.27,1613,411073,477,,0.0,0.08,
2023-06-01,camion_cleas_si,cm_hs_elect,65535,5.92,1709,387985,487,,0.0,0.06,
2023-07-01,camion_cleas_si,cm_hs_elect,65535,5.57,1818,364836,516,,0.0,0.06,
2023-08-01,camion_cleas_si,cm_hs_elect,65535,4.95,2044,324467,646,,0.0,0.12,
2023-09-01,camion_cleas_si,cm_hs_elect,65535,4.39,2304,287776,733,,0.0,0.13,
2023-10-01,camion_cleas_si,cm_hs_elect,7000,4.05,2496,28382,912,,-0.89,0.08,
2023-11-01,camion_cleas_si,cm_hs_elect,65535,3.59,2816,235543,931,,8.36,0.13,
2023-12-01,camion_cleas_si,cm_hs_elect,,2.86,3533,0,965,,0.0,0.25,
2024-01-01,camion_cleas_si,cm_hs_elect,,2.38,4261,0,1141,,0.0,0.21,
2024-02-01,camion_cleas_si,cm_hs_elect,65535,2.1,4825,137449,1081,,0.0,0.13,
2024-03-01,camion_cleas_si,cm_hs_elect,65535,1.89,5357,123817,1001,,0.0,0.11,
2024-04-01,camion_cleas_si,cm_hs_elect,65535,1.74,5830,113769,1004,,0.0,0.09,
2024-05-01,camion_cleas_si,cm_hs_elect,65535,1.67,6073,109208,1119,,0.0,0.04,
2024-06-01,camion_cleas_si,cm_hs_elect,,1.59,6351,0,1278,,0.0,0.05,
2024-07-01,camion_cleas_si,cm_hs_elect,65535,1.53,6607,100382,1416,,0.0,0.04,
2024-08-01,camion_cleas_si,cm_hs_elect,65535,1.47,6883,96362,1340,,0.0,0.04,
2024-09-01,camion_cleas_si,cm_hs_elect,65535,1.42,7122,93131,1243,,0.0,0.03,
2024-10-01,camion_cleas_si,cm_hs_elect,65535,1.38,7313,90690,1201,,0.0,0.03,
2024-11-01,camion_cleas_si,cm_hs_elect,65535,1.35,7491,88541,1124,,0.0,0.02,
2024-12-01,camion_cleas_si,cm_hs_elect,65535,1.32,7694,86210,1105,,0.0,0.03,
2025-01-01,camion_cleas_si,cm_hs_elect,65535,1.29,7864,84345,1216,,0.0,0.02,
2025-02-01,camion_cleas_si,cm_hs_elect,65535,1.26,8052,82367,1212,,0.0,0.02,
2025-03-01,camion_cleas_si,cm_hs_elect,65535,1.21,8353,79406,1251,,0.0,0.04,
2025-04-01,camion_cleas_si,cm_hs_elect,65535,1.18,8585,77257,1263,,0.0,0.03,
2025-05-01,camion_cleas_si,cm_hs_elect,25000,1.16,8714,29036,1162,,-0.62,0.02,
2025-06-01,camion_cleas_si,cm_hs_elect,65535,1.14,8855,74902,1181,,1.62,0.02,
2025-07-01,camion_cleas_si,cm_hs_elect,65535,1.12,9023,73504,1282,,0.0,0.02,
2023-01-01,camion_cleas_no,cm_hs_elect,8090,8.41,1202,68065,366,22.1,,-0.87,
2023-02-01,camion_cleas_no,cm_hs_elect,7500,7.89,1282,59179,375,20.0,-0.07,0.07,-0.1
2023-03-01,camion_cleas_no,cm_hs_elect,8886,7.33,1381,65118,380,23.38,0.18,0.08,0.17
2023-04-01,camion_cleas_no,cm_hs_elect,11382,6.76,1497,76943,419,27.16,0.28,0.08,0.16
2023-05-01,camion_cleas_no,cm_hs_elect,7163,6.27,1613,44930,477,15.02,-0.37,0.08,-0.45
2023-06-01,camion_cleas_no,cm_hs_elect,12220,5.92,1709,72345,487,25.09,0.71,0.06,0.67
2023-07-01,camion_cleas_no,cm_hs_elect,17410,5.57,1818,96922,516,33.74,0.42,0.06,0.34
2023-08-01,camion_cleas_no,cm_hs_elect,16367,4.95,2044,81034,646,25.34,-0.06,0.12,-0.25
2023-09-01,camion_cleas_no,cm_hs_elect,16073,4.39,2304,70579,733,21.93,-0.02,0.13,-0.13
2023-10-01,camion_cleas_no,cm_hs_elect,24000,4.05,2496,97310,912,26.32,0.49,0.08,0.2
2023-11-01,camion_cleas_no,cm_hs_elect,23569,3.59,2816,84710,931,25.32,-0.02,0.13,-0.04
2023-12-01,camion_cleas_no,cm_hs_elect,21794,2.86,3533,62432,965,22.58,-0.08,0.25,-0.11
2024-01-01,camion_cleas_no,cm_hs_elect,28500,2.38,4261,67689,1141,24.98,0.31,0.21,0.11
2024-02-01,camion_cleas_no,cm_hs_elect,28498,2.1,4825,59770,1081,26.36,0.0,0.13,0.06
2024-03-01,camion_cleas_no,cm_hs_elect,30243,1.89,5357,57139,1001,30.21,0.06,0.11,0.15
2024-04-01,camion_cleas_no,cm_hs_elect,42800,1.74,5830,74301,1004,42.63,0.42,0.09,0.41
2024-05-01,camion_cleas_no,cm_hs_elect,38861,1.67,6073,64758,1119,34.73,-0.09,0.04,-0.19
2024-06-01,camion_cleas_no,cm_hs_elect,34487,1.59,6351,54954,1278,26.98,-0.11,0.05,-0.22
2024-07-01,camion_cleas_no,cm_hs_elect,32014,1.53,6607,49037,1416,22.61,-0.07,0.04,-0.16
2024-08-01,camion_cleas_no,cm_hs_elect,42983,1.47,6883,63201,1340,32.08,0.34,0.04,0.42
2024-09-01,camion_cleas_no,cm_hs_elect,30284,1.42,7122,43036,1243,24.36,-0.3,0.03,-0.24
2024-10-01,camion_cleas_no,cm_hs_elect,52177,1.38,7313,72204,1201,43.44,0.72,0.03,0.78
2024-11-01,camion_cleas_no,cm_hs_elect,43250,1.35,7491,58433,1124,38.48,-0.17,0.02,-0.11
2024-12-01,camion_cleas_no,cm_hs_elect,64040,1.32,7694,84243,1105,57.95,0.48,0.03,0.51
2025-01-01,camion_cleas_no,cm_hs_elect,51850,1.29,7864,66732,1216,42.64,-0.19,0.02,-0.26
2025-02-01,camion_cleas_no,cm_hs_elect,62029,1.26,8052,77960,1212,51.18,0.2,0.02,0.2
2025-03-01,camion_cleas_no,cm_hs_elect,48071,1.21,8353,58245,1251,38.43,-0.23,0.04,-0.25
2025-04-01,camion_cleas_no,cm_hs_elect,64215,1.18,8585,75701,1263,50.84,0.34,0.03,0.32
2025-05-01,camion_cleas_no,cm_hs_elect,56560,1.16,8714,65691,1162,48.67,-0.12,0.02,-0.04
2025-06-01,camion_cleas_no,cm_hs_elect,48010,1.14,8855,54872,1181,40.65,-0.15,0.02,-0.16
2025-07-01,camion_cleas_no,cm_hs_elect,64072,1.12,9023,71863,1282,49.98,0.33,0.02,0.23
2025-08-01,camion_cleas_no,cm_hs_elect,66392,1.1,9193,73094,1329,49.96,0.04,0.02,-0.0
2025-09-01,camion_cleas_no,cm_hs_elect,75558,1.08,9384,81494,1406,53.73947368421052,0.13805428364863226,0.02,0.08
2025-10-01,camion_cleas_no,cm_hs_elect,75109,1.05,9603,79156,1462,51.37420656634747,-0.005937316779097257,0.02,-0.04
2025-11-01,camion_cleas_no,cm_hs_elect,62859,1.03,9841,64647,1426,44.05940800518963,-0.16309384123812443,0.02,-0.14
2025-12-01,camion_cleas_no,cm_hs_elect,76049,1.0,10121,76048,1446,52.56251629185526,0.2098241372870122,0.03,0.19
2023-01-01,auto_cleas_si,cm_hs_mec,2906,8.41,1202,24449,366,7.94,,,
2023-02-01,auto_cleas_si,cm_hs_mec,3793,7.89,1282,29929,375,10.11,0.31,0.07,0.27
2023-03-01,auto_cleas_si,cm_hs_mec,3717,7.33,1381,27238,380,9.78,-0.02,0.08,-0.03
2023-04-01,auto_cleas_si,cm_hs_mec,3735,6.76,1497,25249,419,8.91,0.0,0.08,-0.09
2023-05-01,auto_cleas_si,cm_hs_mec,4559,6.27,1613,28596,477,9.56,0.22,0.08,0.07
2023-06-01,auto_cleas_si,cm_hs_mec,5080,5.92,1709,30075,487,10.43,0.11,0.06,0.09
2023-07-01,auto_cleas_si,cm_hs_mec,5143,5.57,1818,28631,516,9.97,0.01,0.06,-0.04
2023-08-01,auto_cleas_si,cm_hs_mec,6143,4.95,2044,30414,646,9.51,0.19,0.12,-0.05
2023-09-01,auto_cleas_si,cm_hs_mec,6137,4.39,2304,26948,733,8.37,0.0,0.13,-0.12
2023-10-01,auto_cleas_si,cm_hs_mec,6431,4.05,2496,26075,912,7.05,0.05,0.08,-0.16
2023-11-01,auto_cleas_si,cm_hs_mec,8163,3.59,2816,29339,931,8.77,0.27,0.13,0.24
2023-12-01,auto_cleas_si,cm_hs_mec,8591,2.86,3533,24610,965,8.9,0.05,0.25,0.01
2024-01-01,auto_cleas_si,cm_hs_mec,10855,2.38,4261,25781,1141,9.51,0.26,0.21,0.07
2024-02-01,auto_cleas_si,cm_hs_mec,11895,2.1,4825,24947,1081,11.0,0.1,0.13,0.16
2024-03-01,auto_cleas_si,cm_hs_mec,11612,1.89,5357,21939,1001,11.6,-0.02,0.11,0.05
2024-04-01,auto_cleas_si,cm_hs_mec,14867,1.74,5830,25809,1004,14.81,0.28,0.09,0.28
2024-05-01,auto_cleas_si,cm_hs_mec,17936,1.67,6073,29888,1119,16.03,0.21,0.04,0.08
2024-06-01,auto_cleas_si,cm_hs_mec,17033,1.59,6351,27141,1278,13.33,-0.05,0.05,-0.17
2024-07-01,auto_cleas_si,cm_hs_mec,21900,1.53,6607,33545,1416,15.47,0.29,0.04,0.16
2024-08-01,auto_cleas_si,cm_hs_mec,17078,1.47,6883,25111,1340,12.74,-0.22,0.04,-0.18
2024-09-01,auto_cleas_si,cm_hs_mec,21035,1.42,7122,29892,1243,16.92,0.23,0.03,0.33
2024-10-01,auto_cleas_si,cm_hs_mec,22077,1.38,7313,30551,1201,18.38,0.05,0.03,0.09
2024-11-01,auto_cleas_si,cm_hs_mec,25198,1.35,7491,34044,1124,22.42,0.14,0.02,0.22
2024-12-01,auto_cleas_si,cm_hs_mec,22350,1.32,7694,29401,1105,20.23,-0.11,0.03,-0.1
2025-01-01,auto_cleas_si,cm_hs_mec,23572,1.29,7864,30337,1216,19.39,0.05,0.02,-0.04
2025-02-01,auto_cleas_si,cm_hs_mec,28388,1.26,8052,35679,1212,23.42,0.2,0.02,0.21
2025-03-01,auto_cleas_si,cm_hs_mec,33564,1.21,8353,40668,1251,26.83,0.18,0.04,0.15
2025-04-01,auto_cleas_si,cm_hs_mec,27723,1.18,8585,32681,1263,21.95,-0.17,0.03,-0.18
2025-05-01,auto_cleas_si,cm_hs_mec,31403,1.16,8714,36472,1162,27.02,0.13,0.02,0.23
2025-06-01,auto_cleas_si,cm_hs_mec,29488,1.14,8855,33702,1181,24.97,-0.06,0.02,-0.08
2025-07-01,auto_cleas_si,cm_hs_mec,32563,1.12,9023,36522,1282,25.4,0.1,0.02,0.02
2025-08-01,auto_cleas_si,cm_hs_mec,31205,1.1,9193,34355,1329,23.48,-0.04,0.02,-0.08
2025-09-01,auto_cleas_si,cm_hs_mec,38001,1.08,9384,40986,1406,27.02794452347084,0.21779490466271434,0.02,0.15
2025-10-01,auto_cleas_si,cm_hs_mec,34906,1.05,9603,36787,1462,23.87576607387141,-0.08144249839939643,0.02,-0.12
2025-11-01,auto_cleas_si,cm_hs_mec,32703,1.03,9841,33633,1426,22.922110271426604,-0.0631274463658067,0.02,-0.04
2025-12-01,auto_cleas_si,cm_hs_mec,40164,1.0,10121,40163,1446,27.75996370372126,0.2281433221966791,0.03,0.21
2023-01-01,auto_cleas_no,cm_hs_mec,3593,8.41,1202,30230,366,9.82,,,
2023-02-01,auto_cleas_no,cm_hs_mec,3923,7.89,1282,30954,375,10.46,0.09,0.07,0.07
2023-03-01,auto_cleas_no,cm_hs_mec,4189,7.33,1381,30697,380,11.02,0.07,0.08,0.05
2023-04-01,auto_cleas_no,cm_hs_mec,4364,6.76,1497,29501,419,10.42,0.04,0.08,-0.05
2023-05-01,auto_cleas_no,cm_hs_mec,4797,6.27,1613,30089,477,10.06,0.1,0.08,-0.03
2023-06-01,auto_cleas_no,cm_hs_mec,5125,5.92,1709,30341,487,10.52,0.07,0.06,0.05
2023-07-01,auto_cleas_no,cm_hs_mec,5374,5.57,1818,29917,516,10.42,0.05,0.06,-0.01
2023-08-01,auto_cleas_no,cm_hs_mec,6124,4.95,2044,30320,646,9.48,0.14,0.12,-0.09
2023-09-01,auto_cleas_no,cm_hs_mec,6852,4.39,2304,30088,733,9.35,0.12,0.13,-0.01
2023-10-01,auto_cleas_no,cm_hs_mec,7513,4.05,2496,30462,912,8.24,0.1,0.08,-0.12
2023-11-01,auto_cleas_no,cm_hs_mec,8549,3.59,2816,30726,931,9.18,0.14,0.13,0.11
2023-12-01,auto_cleas_no,cm_hs_mec,683,2.86,3533,1956,965,0.71,-0.92,0.25,-0.92
2024-01-01,auto_cleas_no,cm_hs_mec,11004,2.38,4261,26135,1141,9.64,15.11,0.21,12.58
2024-02-01,auto_cleas_no,cm_hs_mec,12953,2.1,4825,27166,1081,11.98,0.18,0.13,0.24
2024-03-01,auto_cleas_no,cm_hs_mec,14043,1.89,5357,26532,1001,14.03,0.08,0.11,0.17
2024-04-01,auto_cleas_no,cm_hs_mec,15930,1.74,5830,27654,1004,15.87,0.13,0.09,0.13
2024-05-01,auto_cleas_no,cm_hs_mec,17239,1.67,6073,28727,1119,15.41,0.08,0.04,-0.03
2024-06-01,auto_cleas_no,cm_hs_mec,18560,1.59,6351,29575,1278,14.52,0.08,0.05,-0.06
2024-07-01,auto_cleas_no,cm_hs_mec,20816,1.53,6607,31884,1416,14.7,0.12,0.04,0.01
2024-08-01,auto_cleas_no,cm_hs_mec,674,1.47,6883,991,1340,0.5,-0.97,0.04,-0.97
2024-09-01,auto_cleas_no,cm_hs_mec,22269,1.42,7122,31646,1243,17.92,32.04,0.03,34.84
2024-10-01,auto_cleas_no,cm_hs_mec,23930,1.38,7313,33115,1201,19.93,0.07,0.03,0.11
2024-11-01,auto_cleas_no,cm_hs_mec,24742,1.35,7491,33427,1124,22.01,0.03,0.02,0.1
2024-12-01,auto_cleas_no,cm_hs_mec,25292,1.32,7694,33271,1105,22.89,0.02,0.03,0.04
2025-01-01,auto_cleas_no,cm_hs_mec,26504,1.29,7864,34111,1216,21.8,0.05,0.02,-0.05
2025-02-01,auto_cleas_no,cm_hs_mec,27109,1.26,8052,34071,1212,22.37,0.02,0.02,0.03
2025-03-01,auto_cleas_no,cm_hs_mec,27454,1.21,8353,33264,1251,21.95,0.01,0.04,-0.02
2025-04-01,auto_cleas_no,cm_hs_mec,30830,1.18,8585,36344,1263,24.41,0.12,0.03,0.11
2025-05-01,auto_cleas_no,cm_hs_mec,31447,1.16,8714,36523,1162,27.06,0.02,0.02,0.11
2025-06-01,auto_cleas_no,cm_hs_mec,33560,1.14,8855,38357,1181,28.42,0.07,0.02,0.05
2025-07-01,auto_cleas_no,cm_hs_mec,33256,1.12,9023,37300,1282,25.94,-0.01,0.02,-0.09
2025-08-01,auto_cleas_no,cm_hs_mec,35810,1.1,9193,39425,1329,26.94,0.08,0.02,0.04
2025-09-01,auto_cleas_no,cm_hs_mec,36762,1.08,9384,39649,1406,26.146273115220485,0.02657525830773544,0.02,-0.03
2025-10-01,auto_cleas_no,cm_hs_mec,37481,1.05,9603,39500,1462,25.636942544459643,0.019573381615519914,0.02,-0.02
2025-11-01,auto_cleas_no,cm_hs_mec,36471,1.03,9841,37508,1426,25.56318255518487,-0.02695724070807748,0.02,-0.0
2025-12-01,auto_cleas_no,cm_hs_mec,37607,1.0,10121,37607,1446,25.992829608916484,0.031153672991174775,0.03,0.02
2023-01-01,camion_cleas_si,cm_hs_mec,65535,8.41,1202,551384,366,179.06,,,
2023-02-01,camion_cleas_si,cm_hs_mec,,7.89,1282,0,375,0.0,0.0,0.07,-1.0
2023-03-01,camion_cleas_si,cm_hs_mec,2100,7.33,1381,15389,380,5.53,-0.97,0.08,inf
2023-04-01,camion_cleas_si,cm_hs_mec,65535,6.76,1497,443025,419,156.41,30.21,0.08,27.28
2023-05-01,camion_cleas_si,cm_hs_mec,65535,6.27,1613,411073,477,137.39,0.0,0.08,-0.12
2023-06-01,camion_cleas_si,cm_hs_mec,65535,5.92,1709,387985,487,134.57,0.0,0.06,-0.02
2023-07-01,camion_cleas_si,cm_hs_mec,65535,5.57,1818,364836,516,127.01,0.0,0.06,-0.06
2023-08-01,camion_cleas_si,cm_hs_mec,65535,4.95,2044,324467,646,101.45,0.0,0.12,-0.2
2023-09-01,camion_cleas_si,cm_hs_mec,65535,4.39,2304,287776,733,89.41,0.0,0.13,-0.12
2023-10-01,camion_cleas_si,cm_hs_mec,7000,4.05,2496,28382,912,7.68,-0.89,0.08,-0.91
2023-11-01,camion_cleas_si,cm_hs_mec,65535,3.59,2816,235543,931,70.39,8.36,0.13,8.17
2023-12-01,camion_cleas_si,cm_hs_mec,,2.86,3533,0,965,0.0,0.0,0.25,-1.0
2024-01-01,camion_cleas_si,cm_hs_mec,,2.38,4261,0,1141,0.0,0.0,0.21,
2024-02-01,camion_cleas_si,cm_hs_mec,65535,2.1,4825,137449,1081,60.62,0.0,0.13,inf
2024-03-01,camion_cleas_si,cm_hs_mec,65535,1.89,5357,123817,1001,65.47,0.0,0.11,0.08
2024-04-01,camion_cleas_si,cm_hs_mec,65535,1.74,5830,113769,1004,65.27,0.0,0.09,-0.0
2024-05-01,camion_cleas_si,cm_hs_mec,65535,1.67,6073,109208,1119,58.57,0.0,0.04,-0.1
2024-06-01,camion_cleas_si,cm_hs_mec,,1.59,6351,0,1278,0.0,0.0,0.05,-1.0
2024-07-01,camion_cleas_si,cm_hs_mec,65535,1.53,6607,100382,1416,46.28,0.0,0.04,inf
2024-08-01,camion_cleas_si,cm_hs_mec,65535,1.47,6883,96362,1340,48.91,0.0,0.04,0.06
2024-09-01,camion_cleas_si,cm_hs_mec,65535,1.42,7122,93131,1243,52.72,0.0,0.03,0.08
2024-10-01,camion_cleas_si,cm_hs_mec,15000,1.38,7313,20757,1201,12.49,-0.77,0.03,-0.76
2024-11-01,camion_cleas_si,cm_hs_mec,65535,1.35,7491,88541,1124,58.31,3.37,0.02,3.67
2024-12-01,camion_cleas_si,cm_hs_mec,18000,1.32,7694,23678,1105,16.29,-0.73,0.03,-0.72
2025-01-01,camion_cleas_si,cm_hs_mec,65535,1.29,7864,84345,1216,53.89,2.64,0.02,2.31
2025-02-01,camion_cleas_si,cm_hs_mec,50000,1.26,8052,62842,1212,41.25,-0.24,0.02,-0.23
2025-03-01,camion_cleas_si,cm_hs_mec,32667,1.21,8353,39581,1251,26.11,-0.35,0.04,-0.37
2025-04-01,camion_cleas_si,cm_hs_mec,65535,1.18,8585,77257,1263,51.89,1.01,0.03,0.99
2025-05-01,camion_cleas_si,cm_hs_mec,20000,1.16,8714,23228,1162,17.21,-0.69,0.02,-0.67
2025-06-01,camion_cleas_si,cm_hs_mec,30000,1.14,8855,34288,1181,25.4,0.5,0.02,0.48
2025-07-01,camion_cleas_si,cm_hs_mec,65535,1.12,9023,73504,1282,51.12,1.18,0.02,1.01
2025-08-01,camion_cleas_si,cm_hs_mec,37892,1.1,9193,41717,1329,28.51,-0.42,0.02,-0.44
2025-09-01,camion_cleas_si,cm_hs_mec,65535,1.08,9384,70683,1406,46.61,0.73,0.02,0.63
2025-10-01,camion_cleas_si,cm_hs_mec,65535,1.05,9603,69066,1462,44.81,0.0,0.02,-0.04
2023-01-01,camion_cleas_no,cm_hs_mec,6077,8.41,1202,51129,366,16.6,,,
2023-02-01,camion_cleas_no,cm_hs_mec,7319,7.89,1282,57751,375,19.52,0.2,0.07,0.18
2023-03-01,camion_cleas_no,cm_hs_mec,6591,7.33,1381,48299,380,17.34,-0.1,0.08,-0.11
2023-04-01,camion_cleas_no,cm_hs_mec,9047,6.76,1497,61158,419,21.59,0.37,0.08,0.25
2023-05-01,camion_cleas_no,cm_hs_mec,10522,6.27,1613,66000,477,22.06,0.16,0.08,0.02
2023-06-01,camion_cleas_no,cm_hs_mec,9381,5.92,1709,55538,487,19.26,-0.11,0.06,-0.13
2023-07-01,camion_cleas_no,cm_hs_mec,9715,5.57,1818,54083,516,18.83,0.04,0.06,-0.02
2023-08-01,camion_cleas_no,cm_hs_mec,13038,4.95,2044,64551,646,20.18,0.34,0.12,0.07
2023-09-01,camion_cleas_no,cm_hs_mec,11215,4.39,2304,49247,733,15.3,-0.14,0.13,-0.24
2023-10-01,camion_cleas_no,cm_hs_mec,11634,4.05,2496,47171,912,12.76,0.04,0.08,-0.17
2023-11-01,camion_cleas_no,cm_hs_mec,20024,3.59,2816,71969,931,21.51,0.72,0.13,0.69
2023-12-01,camion_cleas_no,cm_hs_mec,24801,2.86,3533,71046,965,25.7,0.24,0.25,0.19
2024-01-01,camion_cleas_no,cm_hs_mec,21874,2.38,4261,51951,1141,19.17,-0.12,0.21,-0.25
2024-02-01,camion_cleas_no,cm_hs_mec,33125,2.1,4825,69474,1081,30.64,0.51,0.13,0.6
2024-03-01,camion_cleas_no,cm_hs_mec,29368,1.89,5357,55486,1001,29.34,-0.11,0.11,-0.04
2024-04-01,camion_cleas_no,cm_hs_mec,25976,1.74,5830,45094,1004,25.87,-0.12,0.09,-0.12
2024-05-01,camion_cleas_no,cm_hs_mec,35763,1.67,6073,59596,1119,31.96,0.38,0.04,0.24
2024-06-01,camion_cleas_no,cm_hs_mec,31616,1.59,6351,50379,1278,24.74,-0.12,0.05,-0.23
2024-07-01,camion_cleas_no,cm_hs_mec,33219,1.53,6607,50882,1416,23.46,0.05,0.04,-0.05
2024-08-01,camion_cleas_no,cm_hs_mec,40220,1.47,6883,59139,1340,30.02,0.21,0.04,0.28
2024-09-01,camion_cleas_no,cm_hs_mec,37004,1.42,7122,52586,1243,29.77,-0.08,0.03,-0.01
2024-10-01,camion_cleas_no,cm_hs_mec,44103,1.38,7313,61031,1201,36.72,0.19,0.03,0.23
2024-11-01,camion_cleas_no,cm_hs_mec,35468,1.35,7491,47919,1124,31.56,-0.2,0.02,-0.14
2024-12-01,camion_cleas_no,cm_hs_mec,42966,1.32,7694,56521,1105,38.88,0.21,0.03,0.23
2025-01-01,camion_cleas_no,cm_hs_mec,46497,1.29,7864,59843,1216,38.24,0.08,0.02,-0.02
2025-02-01,camion_cleas_no,cm_hs_mec,43729,1.26,8052,54960,1212,36.08,-0.06,0.02,-0.06
2025-03-01,camion_cleas_no,cm_hs_mec,55898,1.21,8353,67729,1251,44.68,0.28,0.04,0.24
2025-04-01,camion_cleas_no,cm_hs_mec,46599,1.18,8585,54934,1263,36.9,-0.17,0.03,-0.17
2025-05-01,camion_cleas_no,cm_hs_mec,48005,1.16,8714,55755,1162,41.31,0.03,0.02,0.12
2025-06-01,camion_cleas_no,cm_hs_mec,53487,1.14,8855,61132,1181,45.29,0.11,0.02,0.1
2025-07-01,camion_cleas_no,cm_hs_mec,63469,1.12,9023,71187,1282,49.51,0.19,0.02,0.09
2025-08-01,camion_cleas_no,cm_hs_mec,55336,1.1,9193,60922,1329,41.64,-0.13,0.02,-0.16
2025-09-01,camion_cleas_no,cm_hs_mec,62047,1.08,9384,66921,1406,44.12999288762447,0.12127313141535345,0.02,0.06
2025-10-01,camion_cleas_no,cm_hs_mec,53394,1.05,9603,56271,1462,36.521477428180575,-0.13944916068958946,0.02,-0.17
2025-11-01,camion_cleas_no,cm_hs_mec,68876,1.03,9841,70835,1426,48.27647428765785,0.2899427655334641,0.02,0.32
2025-12-01,camion_cleas_no,cm_hs_mec,51817,1.0,10121,51816,1446,35.81430148423738,-0.24767465225771879,0.03,-0.26
2023-01-01,auto_cleas_si,cm_hs_pint,2775,8.41,1202,23347,366,7.58,,,
2023-02-01,auto_cleas_si,cm_hs_pint,3036,7.89,1282,23955,375,8.1,0.09,0.07,0.07
2023-03-01,auto_cleas_si,cm_hs_pint,3066,7.33,1381,22468,380,8.07,0.01,0.08,-0.0
2023-04-01,auto_cleas_si,cm_hs_pint,3318,6.76,1497,22430,419,7.92,0.08,0.08,-0.02
2023-05-01,auto_cleas_si,cm_hs_pint,3601,6.27,1613,22587,477,7.55,0.09,0.08,-0.05
2023-06-01,auto_cleas_si,cm_hs_pint,3907,5.92,1709,23130,487,8.02,0.08,0.06,0.06
2023-07-01,auto_cleas_si,cm_hs_pint,4329,5.57,1818,24099,516,8.39,0.11,0.06,0.05
2023-08-01,auto_cleas_si,cm_hs_pint,4710,4.95,2044,23319,646,7.29,0.09,0.12,-0.13
2023-09-01,auto_cleas_si,cm_hs_pint,5208,4.39,2304,22869,733,7.11,0.11,0.13,-0.02
2023-10-01,auto_cleas_si,cm_hs_pint,5682,4.05,2496,23038,912,6.23,0.09,0.08,-0.12
2023-11-01,auto_cleas_si,cm_hs_pint,6328,3.59,2816,22743,931,6.8,0.11,0.13,0.09
2023-12-01,auto_cleas_si,cm_hs_pint,7041,2.86,3533,20170,965,7.3,0.11,0.25,0.07
2024-01-01,auto_cleas_si,cm_hs_pint,7761,2.38,4261,18432,1141,6.8,0.1,0.21,-0.07
2024-02-01,auto_cleas_si,cm_hs_pint,8952,2.1,4825,18775,1081,8.28,0.15,0.13,0.22
2024-03-01,auto_cleas_si,cm_hs_pint,10039,1.89,5357,18967,1001,10.03,0.12,0.11,0.21
2024-04-01,auto_cleas_si,cm_hs_pint,11719,1.74,5830,20344,1004,11.67,0.17,0.09,0.16
2024-05-01,auto_cleas_si,cm_hs_pint,12781,1.67,6073,21298,1119,11.42,0.09,0.04,-0.02
2024-06-01,auto_cleas_si,cm_hs_pint,13699,1.59,6351,21829,1278,10.72,0.07,0.05,-0.06
2024-07-01,auto_cleas_si,cm_hs_pint,14188,1.53,6607,21732,1416,10.02,0.04,0.04,-0.07
2024-08-01,auto_cleas_si,cm_hs_pint,15111,1.47,6883,22219,1340,11.28,0.07,0.04,0.13
2024-09-01,auto_cleas_si,cm_hs_pint,16387,1.42,7122,23287,1243,13.18,0.08,0.03,0.17
2024-10-01,auto_cleas_si,cm_hs_pint,16992,1.38,7313,23514,1201,14.15,0.04,0.03,0.07
2024-11-01,auto_cleas_si,cm_hs_pint,18096,1.35,7491,24448,1124,16.1,0.06,0.02,0.14
2024-12-01,auto_cleas_si,cm_hs_pint,18322,1.32,7694,24102,1105,16.58,0.01,0.03,0.03
2025-01-01,auto_cleas_si,cm_hs_pint,19294,1.29,7864,24831,1216,15.87,0.05,0.02,-0.04
2025-02-01,auto_cleas_si,cm_hs_pint,19767,1.26,8052,24844,1212,16.31,0.02,0.02,0.03
2025-03-01,auto_cleas_si,cm_hs_pint,20355,1.21,8353,24663,1251,16.27,0.03,0.04,-0.0
2025-04-01,auto_cleas_si,cm_hs_pint,21830,1.18,8585,25734,1263,17.28,0.07,0.03,0.06
2025-05-01,auto_cleas_si,cm_hs_pint,22579,1.16,8714,26224,1162,19.43,0.03,0.02,0.12
2025-06-01,auto_cleas_si,cm_hs_pint,23477,1.14,8855,26832,1181,19.88,0.04,0.02,0.02
2025-07-01,auto_cleas_si,cm_hs_pint,24194,1.12,9023,27136,1282,18.87,0.03,0.02,-0.05
2025-08-01,auto_cleas_si,cm_hs_pint,25179,1.1,9193,27721,1329,18.95,0.04,0.02,0.0
2025-09-01,auto_cleas_si,cm_hs_pint,25824,1.08,9384,27852,1406,18.366963015647226,0.025614599467810528,0.02,-0.03
2025-10-01,auto_cleas_si,cm_hs_pint,26292,1.05,9603,27708,1462,17.983481532147742,0.018118839294530842,0.02,-0.02
2025-11-01,auto_cleas_si,cm_hs_pint,26800,1.03,9841,27562,1426,18.784801848610417,0.019332987218472653,0.02,0.04
2025-12-01,auto_cleas_si,cm_hs_pint,27686,1.0,10121,27685,1446,19.13540407750579,0.03303675539129447,0.03,0.02
2023-01-01,auto_cleas_no,cm_hs_pint,2923,8.41,1202,24592,366,7.99,,,
2023-02-01,auto_cleas_no,cm_hs_pint,3049,7.89,1282,24058,375,8.13,0.04,0.07,0.02
2023-03-01,auto_cleas_no,cm_hs_pint,3251,7.33,1381,23823,380,8.56,0.07,0.08,0.05
2023-04-01,auto_cleas_no,cm_hs_pint,3414,6.76,1497,23079,419,8.15,0.05,0.08,-0.05
2023-05-01,auto_cleas_no,cm_hs_pint,3651,6.27,1613,22901,477,7.65,0.07,0.08,-0.06
2023-06-01,auto_cleas_no,cm_hs_pint,3918,5.92,1709,23195,487,8.05,0.07,0.06,0.05
2023-07-01,auto_cleas_no,cm_hs_pint,4302,5.57,1818,23949,516,8.34,0.1,0.06,0.04
2023-08-01,auto_cleas_no,cm_hs_pint,4676,4.95,2044,23151,646,7.24,0.09,0.12,-0.13
2023-09-01,auto_cleas_no,cm_hs_pint,5186,4.39,2304,22772,733,7.08,0.11,0.13,-0.02
2023-10-01,auto_cleas_no,cm_hs_pint,5728,4.05,2496,23224,912,6.28,0.1,0.08,-0.11
2023-11-01,auto_cleas_no,cm_hs_pint,6413,3.59,2816,23049,931,6.89,0.12,0.13,0.1
2023-12-01,auto_cleas_no,cm_hs_pint,7254,2.86,3533,20780,965,7.52,0.13,0.25,0.09
2024-01-01,auto_cleas_no,cm_hs_pint,8204,2.38,4261,19484,1141,7.19,0.13,0.21,-0.04
2024-02-01,auto_cleas_no,cm_hs_pint,9569,2.1,4825,20069,1081,8.85,0.17,0.13,0.23
2024-03-01,auto_cleas_no,cm_hs_pint,10827,1.89,5357,20455,1001,10.82,0.13,0.11,0.22
2024-04-01,auto_cleas_no,cm_hs_pint,12097,1.74,5830,21000,1004,12.05,0.12,0.09,0.11
2024-05-01,auto_cleas_no,cm_hs_pint,13214,1.67,6073,22020,1119,11.81,0.09,0.04,-0.02
2024-06-01,auto_cleas_no,cm_hs_pint,14277,1.59,6351,22750,1278,11.17,0.08,0.05,-0.05
2024-07-01,auto_cleas_no,cm_hs_pint,15348,1.53,6607,23509,1416,10.84,0.08,0.04,-0.03
2024-08-01,auto_cleas_no,cm_hs_pint,16274,1.47,6883,23929,1340,12.15,0.06,0.04,0.12
2024-09-01,auto_cleas_no,cm_hs_pint,17205,1.42,7122,24449,1243,13.84,0.06,0.03,0.14
2024-10-01,auto_cleas_no,cm_hs_pint,17966,1.38,7313,24862,1201,14.96,0.04,0.03,0.08
2024-11-01,auto_cleas_no,cm_hs_pint,18781,1.35,7491,25374,1124,16.71,0.05,0.02,0.12
2024-12-01,auto_cleas_no,cm_hs_pint,19268,1.32,7694,25346,1105,17.44,0.03,0.03,0.04
2025-01-01,auto_cleas_no,cm_hs_pint,20107,1.29,7864,25878,1216,16.54,0.04,0.02,-0.05
2025-02-01,auto_cleas_no,cm_hs_pint,21059,1.26,8052,26467,1212,17.38,0.05,0.02,0.05
2025-03-01,auto_cleas_no,cm_hs_pint,22120,1.21,8353,26801,1251,17.68,0.05,0.04,0.02
2025-04-01,auto_cleas_no,cm_hs_pint,22571,1.18,8585,26608,1263,17.87,0.02,0.03,0.01
2025-05-01,auto_cleas_no,cm_hs_pint,23447,1.16,8714,27232,1162,20.18,0.04,0.02,0.13
2025-06-01,auto_cleas_no,cm_hs_pint,24008,1.14,8855,27439,1181,20.33,0.02,0.02,0.01
2025-07-01,auto_cleas_no,cm_hs_pint,24847,1.12,9023,27868,1282,19.38,0.03,0.02,-0.05
2025-08-01,auto_cleas_no,cm_hs_pint,26144,1.1,9193,28783,1329,19.67,0.05,0.02,0.01
2025-09-01,auto_cleas_no,cm_hs_pint,26218,1.08,9384,28277,1406,18.647169274537696,0.002827417380660835,0.02,-0.05
2025-10-01,auto_cleas_no,cm_hs_pint,26744,1.05,9603,28184,1462,18.29264705882353,0.02005994373314124,0.02,-0.02
2025-11-01,auto_cleas_no,cm_hs_pint,27255,1.03,9841,28030,1426,19.103363669800782,0.019099344335239632,0.02,0.04
2025-12-01,auto_cleas_no,cm_hs_pint,27987,1.0,10121,27986,1446,19.343653483099917,0.026865150301012886,0.03,0.01
2023-01-01,camion_cleas_si,cm_hs_pint,2211,8.41,1202,18602,366,6.04,,,
2023-02-01,camion_cleas_si,cm_hs_pint,,7.89,1282,0,375,0.0,0.0,0.07,-1.0
2023-03-01,camion_cleas_si,cm_hs_pint,1422,7.33,1381,10420,380,3.74,-0.36,0.08,inf
2023-04-01,camion_cleas_si,cm_hs_pint,2632,6.76,1497,17792,419,6.28,0.85,0.08,0.68
2023-05-01,camion_cleas_si,cm_hs_pint,65535,6.27,1613,411073,477,137.39,23.9,0.08,20.88
2023-06-01,camion_cleas_si,cm_hs_pint,5292,5.92,1709,31330,487,10.87,-0.92,0.06,-0.92
2023-07-01,camion_cleas_si,cm_hs_pint,6409,5.57,1818,35679,516,12.42,0.21,0.06,0.14
2023-08-01,camion_cleas_si,cm_hs_pint,3500,4.95,2044,17328,646,5.42,-0.45,0.12,-0.56
2023-09-01,camion_cleas_si,cm_hs_pint,3477,4.39,2304,15268,733,4.74,-0.01,0.13,-0.13
2023-10-01,camion_cleas_si,cm_hs_pint,6437,4.05,2496,26099,912,7.06,0.85,0.08,0.49
2023-11-01,camion_cleas_si,cm_hs_pint,1170,3.59,2816,4205,931,1.26,-0.82,0.13,-0.82
2023-12-01,camion_cleas_si,cm_hs_pint,,2.86,3533,0,965,0.0,0.0,0.25,-1.0
2024-01-01,camion_cleas_si,cm_hs_pint,,2.38,4261,0,1141,0.0,0.0,0.21,
2024-02-01,camion_cleas_si,cm_hs_pint,65535,2.1,4825,137449,1081,60.62,55.01,0.13,inf
2024-03-01,camion_cleas_si,cm_hs_pint,65535,1.89,5357,123817,1001,65.47,0.0,0.11,0.08
2024-04-01,camion_cleas_si,cm_hs_pint,9000,1.74,5830,15624,1004,8.96,-0.86,0.09,-0.86
2024-05-01,camion_cleas_si,cm_hs_pint,12500,1.67,6073,20830,1119,11.17,0.39,0.04,0.25
2024-06-01,camion_cleas_si,cm_hs_pint,,1.59,6351,0,1278,0.0,0.0,0.05,-1.0
2024-07-01,camion_cleas_si,cm_hs_pint,16500,1.53,6607,25273,1416,11.65,0.32,0.04,inf
2024-08-01,camion_cleas_si,cm_hs_pint,45000,1.47,6883,66167,1340,33.58,1.73,0.04,1.88
2024-09-01,camion_cleas_si,cm_hs_pint,6336,1.42,7122,9004,1243,5.1,-0.86,0.03,-0.85
2024-10-01,camion_cleas_si,cm_hs_pint,21732,1.38,7313,30073,1201,18.09,2.43,0.03,2.55
2024-11-01,camion_cleas_si,cm_hs_pint,20104,1.35,7491,27161,1124,17.89,-0.07,0.02,-0.01
2024-12-01,camion_cleas_si,cm_hs_pint,17746,1.32,7694,23344,1105,16.06,-0.12,0.03,-0.1
2025-01-01,camion_cleas_si,cm_hs_pint,18508,1.29,7864,23820,1216,15.22,0.04,0.02,-0.05
2025-02-01,camion_cleas_si,cm_hs_pint,24300,1.26,8052,30541,1212,20.05,0.31,0.02,0.32
2025-03-01,camion_cleas_si,cm_hs_pint,26639,1.21,8353,32277,1251,21.29,0.1,0.04,0.06
2025-04-01,camion_cleas_si,cm_hs_pint,22500,1.18,8585,26524,1263,17.81,-0.16,0.03,-0.16
2025-05-01,camion_cleas_si,cm_hs_pint,22107,1.16,8714,25675,1162,19.03,-0.02,0.02,0.07
2025-06-01,camion_cleas_si,cm_hs_pint,24901,1.14,8855,28460,1181,21.08,0.13,0.02,0.11
2025-07-01,camion_cleas_si,cm_hs_pint,27779,1.12,9023,31157,1282,21.67,0.12,0.02,0.03
2025-08-01,camion_cleas_si,cm_hs_pint,26157,1.1,9193,28797,1329,19.68,-0.06,0.02,-0.09
2025-09-01,camion_cleas_si,cm_hs_pint,24202,1.08,9384,26103,1406,17.213271692745376,-0.07474633941201203,0.02,-0.13
2025-10-01,camion_cleas_si,cm_hs_pint,19779,1.05,9603,20844,1462,13.528789329685363,-0.18274504521553303,0.02,-0.21
2025-11-01,camion_cleas_si,cm_hs_pint,20000,1.03,9841,20569,1426,14.018430380882508,0.011168865706157272,0.02,0.04
2025-12-01,camion_cleas_si,cm_hs_pint,24453,1.0,10121,24452,1446,16.900859617526482,0.22262749999999998,0.03,0.21
2023-01-01,camion_cleas_no,cm_hs_pint,5653,8.41,1202,47562,366,15.45,,,
2023-02-01,camion_cleas_no,cm_hs_pint,5021,7.89,1282,39618,375,13.39,-0.11,0.07,-0.13
2023-03-01,camion_cleas_no,cm_hs_pint,5504,7.33,1381,40334,380,14.48,0.1,0.08,0.08
2023-04-01,camion_cleas_no,cm_hs_pint,7799,6.76,1497,52722,419,18.61,0.42,0.08,0.29
2023-05-01,camion_cleas_no,cm_hs_pint,7066,6.27,1613,44322,477,14.81,-0.09,0.08,-0.2
2023-06-01,camion_cleas_no,cm_hs_pint,7476,5.92,1709,44259,487,15.35,0.06,0.06,0.04
2023-07-01,camion_cleas_no,cm_hs_pint,7948,5.57,1818,44246,516,15.4,0.06,0.06,0.0
2023-08-01,camion_cleas_no,cm_hs_pint,9543,4.95,2044,47247,646,14.77,0.2,0.12,-0.04
2023-09-01,camion_cleas_no,cm_hs_pint,10784,4.39,2304,47354,733,14.71,0.13,0.13,-0.0
2023-10-01,camion_cleas_no,cm_hs_pint,10413,4.05,2496,42220,912,11.42,-0.03,0.08,-0.22
2023-11-01,camion_cleas_no,cm_hs_pint,14994,3.59,2816,53890,931,16.1,0.44,0.13,0.41
2023-12-01,camion_cleas_no,cm_hs_pint,17349,2.86,3533,49698,965,17.98,0.16,0.25,0.12
2024-01-01,camion_cleas_no,cm_hs_pint,15588,2.38,4261,37022,1141,13.66,-0.1,0.21,-0.24
2024-02-01,camion_cleas_no,cm_hs_pint,24415,2.1,4825,51206,1081,22.59,0.57,0.13,0.65
2024-03-01,camion_cleas_no,cm_hs_pint,19499,1.89,5357,36840,1001,19.48,-0.2,0.11,-0.14
2024-04-01,camion_cleas_no,cm_hs_pint,18117,1.74,5830,31451,1004,18.05,-0.07,0.09,-0.07
2024-05-01,camion_cleas_no,cm_hs_pint,26311,1.67,6073,43845,1119,23.51,0.45,0.04,0.3
2024-06-01,camion_cleas_no,cm_hs_pint,26578,1.59,6351,42351,1278,20.8,0.01,0.05,-0.12
2024-07-01,camion_cleas_no,cm_hs_pint,25252,1.53,6607,38679,1416,17.83,-0.05,0.04,-0.14
2024-08-01,camion_cleas_no,cm_hs_pint,24871,1.47,6883,36570,1340,18.56,-0.02,0.04,0.04
2024-09-01,camion_cleas_no,cm_hs_pint,29413,1.42,7122,41798,1243,23.66,0.18,0.03,0.27
2024-10-01,camion_cleas_no,cm_hs_pint,33534,1.38,7313,46405,1201,27.92,0.14,0.03,0.18
2024-11-01,camion_cleas_no,cm_hs_pint,27639,1.35,7491,37341,1124,24.59,-0.18,0.02,-0.12
2024-12-01,camion_cleas_no,cm_hs_pint,30623,1.32,7694,40284,1105,27.71,0.11,0.03,0.13
2025-01-01,camion_cleas_no,cm_hs_pint,31812,1.29,7864,40943,1216,26.16,0.04,0.02,-0.06
2025-02-01,camion_cleas_no,cm_hs_pint,38921,1.26,8052,48917,1212,32.11,0.22,0.02,0.23
2025-03-01,camion_cleas_no,cm_hs_pint,42776,1.21,8353,51829,1251,34.19,0.1,0.04,0.06
2025-04-01,camion_cleas_no,cm_hs_pint,37995,1.18,8585,44791,1263,30.08,-0.11,0.03,-0.12
2025-05-01,camion_cleas_no,cm_hs_pint,39258,1.16,8714,45595,1162,33.78,0.03,0.02,0.12
2025-06-01,camion_cleas_no,cm_hs_pint,39648,1.14,8855,45315,1181,33.57,0.01,0.02,-0.01
2025-07-01,camion_cleas_no,cm_hs_pint,43997,1.12,9023,49347,1282,34.32,0.11,0.02,0.02
2025-08-01,camion_cleas_no,cm_hs_pint,45864,1.1,9193,50494,1329,34.51,0.04,0.02,0.01
2025-09-01,camion_cleas_no,cm_hs_pint,45631,1.08,9384,49215,1406,32.45418207681366,-0.005089394732251784,0.02,-0.06
2025-10-01,camion_cleas_no,cm_hs_pint,49235,1.05,9603,51888,1462,33.67658002735978,0.0789948319745224,0.02,0.04
2025-11-01,camion_cleas_no,cm_hs_pint,54240,1.03,9841,55783,1426,38.01783599943436,0.10164748119027123,0.02,0.13
2025-12-01,camion_cleas_no,cm_hs_pint,49151,1.0,10121,49150,1446,33.97162946199357,-0.09382152843880853,0.03,-0.11
2023-01-01,auto_cleas_si,cm_hs_total,2766,8.41,1202,23271,366,7.56,,,
2023-02-01,auto_cleas_si,cm_hs_total,3039,7.89,1282,23979,375,8.1,0.1,0.07,0.07
2023-03-01,auto_cleas_si,cm_hs_total,3106,7.33,1381,22761,380,8.17,0.02,0.08,0.01
2023-04-01,auto_cleas_si,cm_hs_total,3320,6.76,1497,22443,419,7.92,0.07,0.08,-0.03
2023-05-01,auto_cleas_si,cm_hs_total,3620,6.27,1613,22706,477,7.59,0.09,0.08,-0.04
2023-06-01,auto_cleas_si,cm_hs_total,3951,5.92,1709,23391,487,8.11,0.09,0.06,0.07
2023-07-01,auto_cleas_si,cm_hs_total,4329,5.57,1818,24099,516,8.39,0.1,0.06,0.03
2023-08-01,auto_cleas_si,cm_hs_total,4806,4.95,2044,23794,646,7.44,0.11,0.12,-0.11
2023-09-01,auto_cleas_si,cm_hs_total,5254,4.39,2304,23071,733,7.17,0.09,0.13,-0.04
2023-10-01,auto_cleas_si,cm_hs_total,5721,4.05,2496,23196,912,6.27,0.09,0.08,-0.13
2023-11-01,auto_cleas_si,cm_hs_total,6357,3.59,2816,22848,931,6.83,0.11,0.13,0.09
2023-12-01,auto_cleas_si,cm_hs_total,7108,2.86,3533,20361,965,7.37,0.12,0.25,0.08
2024-01-01,auto_cleas_si,cm_hs_total,7966,2.38,4261,18919,1141,6.98,0.12,0.21,-0.05
2024-02-01,auto_cleas_si,cm_hs_total,8992,2.1,4825,18859,1081,8.32,0.13,0.13,0.19
2024-03-01,auto_cleas_si,cm_hs_total,10013,1.89,5357,18917,1001,10.0,0.11,0.11,0.2
2024-04-01,auto_cleas_si,cm_hs_total,11772,1.74,5830,20436,1004,11.73,0.18,0.09,0.17
2024-05-01,auto_cleas_si,cm_hs_total,12747,1.67,6073,21241,1119,11.39,0.08,0.04,-0.03
2024-06-01,auto_cleas_si,cm_hs_total,13791,1.59,6351,21975,1278,10.79,0.08,0.05,-0.05
2024-07-01,auto_cleas_si,cm_hs_total,14541,1.53,6607,22273,1416,10.27,0.05,0.04,-0.05
2024-08-01,auto_cleas_si,cm_hs_total,15332,1.47,6883,22544,1340,11.44,0.05,0.04,0.11
2024-09-01,auto_cleas_si,cm_hs_total,16350,1.42,7122,23234,1243,13.15,0.07,0.03,0.15
2024-10-01,auto_cleas_si,cm_hs_total,17212,1.38,7313,23818,1201,14.33,0.05,0.03,0.09
2024-11-01,auto_cleas_si,cm_hs_total,18386,1.35,7491,24840,1124,16.36,0.07,0.02,0.14
2024-12-01,auto_cleas_si,cm_hs_total,18353,1.32,7694,24143,1105,16.61,0.0,0.03,0.02
2025-01-01,auto_cleas_si,cm_hs_total,19485,1.29,7864,25077,1216,16.02,0.06,0.02,-0.04
2025-02-01,auto_cleas_si,cm_hs_total,19928,1.26,8052,25046,1212,16.44,0.02,0.02,0.03
2025-03-01,auto_cleas_si,cm_hs_total,20891,1.21,8353,25312,1251,16.7,0.05,0.04,0.02
2025-04-01,auto_cleas_si,cm_hs_total,21849,1.18,8585,25757,1263,17.3,0.05,0.03,0.04
2025-05-01,auto_cleas_si,cm_hs_total,22947,1.16,8714,26651,1162,19.75,0.05,0.02,0.14
2025-06-01,auto_cleas_si,cm_hs_total,23714,1.14,8855,27103,1181,20.08,0.03,0.02,0.02
2025-07-01,auto_cleas_si,cm_hs_total,24406,1.12,9023,27373,1282,19.04,0.03,0.02,-0.05
2025-08-01,auto_cleas_si,cm_hs_total,25416,1.1,9193,27981,1329,19.12,0.04,0.02,0.0
2025-09-01,auto_cleas_si,cm_hs_total,26369,1.08,9384,28440,1406,18.754779516358465,0.03750472143531636,0.02,-0.02
2025-10-01,auto_cleas_si,cm_hs_total,26512,1.05,9603,27940,1462,18.13378248974008,0.005399097887612836,0.02,-0.03
2025-11-01,auto_cleas_si,cm_hs_total,26901,1.03,9841,27666,1426,18.855749124768064,0.01470224909181228,0.02,0.04
2025-12-01,auto_cleas_si,cm_hs_total,27991,1.0,10121,27990,1446,19.34627301594825,0.04049087462831835,0.03,0.03
2023-01-01,auto_cleas_no,cm_hs_total,2934,8.41,1202,24685,366,8.02,,,
2023-02-01,auto_cleas_no,cm_hs_total,3039,7.89,1282,23979,375,8.1,0.04,0.07,0.01
2023-03-01,auto_cleas_no,cm_hs_total,3246,7.33,1381,23787,380,8.54,0.07,0.08,0.05
2023-04-01,auto_cleas_no,cm_hs_total,3419,6.76,1497,23112,419,8.16,0.05,0.08,-0.04
2023-05-01,auto_cleas_no,cm_hs_total,3643,6.27,1613,22851,477,7.64,0.07,0.08,-0.06
2023-06-01,auto_cleas_no,cm_hs_total,3882,5.92,1709,22982,487,7.97,0.07,0.06,0.04
2023-07-01,auto_cleas_no,cm_hs_total,4245,5.57,1818,23632,516,8.23,0.09,0.06,0.03
2023-08-01,auto_cleas_no,cm_hs_total,4539,4.95,2044,22472,646,7.03,0.07,0.12,-0.15
2023-09-01,auto_cleas_no,cm_hs_total,4999,4.39,2304,21951,733,6.82,0.1,0.13,-0.03
2023-10-01,auto_cleas_no,cm_hs_total,5425,4.05,2496,21996,912,5.95,0.09,0.08,-0.13
2023-11-01,auto_cleas_no,cm_hs_total,6507,3.59,2816,23387,931,6.99,0.2,0.13,0.17
2023-12-01,auto_cleas_no,cm_hs_total,4475,2.86,3533,12819,965,4.64,-0.31,0.25,-0.34
2024-01-01,auto_cleas_no,cm_hs_total,8284,2.38,4261,19674,1141,7.26,0.85,0.21,0.56
2024-02-01,auto_cleas_no,cm_hs_total,9713,2.1,4825,20371,1081,8.99,0.17,0.13,0.24
2024-03-01,auto_cleas_no,cm_hs_total,10701,1.89,5357,20217,1001,10.69,0.1,0.11,0.19
2024-04-01,auto_cleas_no,cm_hs_total,11331,1.74,5830,19670,1004,11.29,0.06,0.09,0.06
2024-05-01,auto_cleas_no,cm_hs_total,13025,1.67,6073,21705,1119,11.64,0.15,0.04,0.03
2024-06-01,auto_cleas_no,cm_hs_total,12964,1.59,6351,20657,1278,10.14,0.0,0.05,-0.13
2024-07-01,auto_cleas_no,cm_hs_total,15451,1.53,6607,23666,1416,10.91,0.19,0.04,0.08
2024-08-01,auto_cleas_no,cm_hs_total,6673,1.47,6883,9811,1340,4.98,-0.57,0.04,-0.54
2024-09-01,auto_cleas_no,cm_hs_total,17188,1.42,7122,24425,1243,13.83,1.58,0.03,1.78
2024-10-01,auto_cleas_no,cm_hs_total,17996,1.38,7313,24903,1201,14.98,0.05,0.03,0.08
2024-11-01,auto_cleas_no,cm_hs_total,18912,1.35,7491,25551,1124,16.83,0.05,0.02,0.12
2024-12-01,auto_cleas_no,cm_hs_total,19381,1.32,7694,25495,1105,17.54,0.02,0.03,0.04
2025-01-01,auto_cleas_no,cm_hs_total,20396,1.29,7864,26250,1216,16.77,0.05,0.02,-0.04
2025-02-01,auto_cleas_no,cm_hs_total,19332,1.26,8052,24297,1212,15.95,-0.05,0.02,-0.05
2025-03-01,auto_cleas_no,cm_hs_total,22638,1.21,8353,27429,1251,18.1,0.17,0.04,0.13
2025-04-01,auto_cleas_no,cm_hs_total,22470,1.18,8585,26489,1263,17.79,-0.01,0.03,-0.02
2025-05-01,auto_cleas_no,cm_hs_total,23226,1.16,8714,26975,1162,19.99,0.03,0.02,0.12
2025-06-01,auto_cleas_no,cm_hs_total,23966,1.14,8855,27391,1181,20.29,0.03,0.02,0.02
2025-07-01,auto_cleas_no,cm_hs_total,24974,1.12,9023,28011,1282,19.48,0.04,0.02,-0.04
2025-08-01,auto_cleas_no,cm_hs_total,26072,1.1,9193,28704,1329,19.62,0.04,0.02,0.01
2025-09-01,auto_cleas_no,cm_hs_total,26187,1.08,9384,28244,1406,18.62490042674253,0.004395903651426947,0.02,-0.05
2025-10-01,auto_cleas_no,cm_hs_total,27047,1.05,9603,28503,1462,18.499685362517102,0.032838538474434076,0.02,-0.01
2025-11-01,auto_cleas_no,cm_hs_total,27447,1.03,9841,28228,1426,19.238284053001586,0.014811136655557444,0.02,0.04
2025-12-01,auto_cleas_no,cm_hs_total,28180,1.0,10121,28179,1446,19.477028484087302,0.02669422996138393,0.03,0.01
2023-01-01,camion_cleas_si,cm_hs_total,2219,8.41,1202,18669,366,6.06,,,
2023-02-01,camion_cleas_si,cm_hs_total,,7.89,1282,0,375,0.0,0.0,0.07,-1.0
2023-03-01,camion_cleas_si,cm_hs_total,1929,7.33,1381,14136,380,5.08,-0.13,0.08,inf
2023-04-01,camion_cleas_si,cm_hs_total,2632,6.76,1497,17792,419,6.28,0.36,0.08,0.24
2023-05-01,camion_cleas_si,cm_hs_total,1,6.27,1613,6,477,0.0,-1.0,0.08,-1.0
2023-06-01,camion_cleas_si,cm_hs_total,5559,5.92,1709,32910,487,11.42,5558.0,0.06,inf
2023-07-01,camion_cleas_si,cm_hs_total,6195,5.57,1818,34487,516,12.01,0.11,0.06,0.05
2023-08-01,camion_cleas_si,cm_hs_total,3500,4.95,2044,17328,646,5.42,-0.44,0.12,-0.55
2023-09-01,camion_cleas_si,cm_hs_total,3477,4.39,2304,15268,733,4.74,-0.01,0.13,-0.13
2023-10-01,camion_cleas_si,cm_hs_total,6928,4.05,2496,28090,912,7.6,0.99,0.08,0.6
2023-11-01,camion_cleas_si,cm_hs_total,1169,3.59,2816,4201,931,1.26,-0.83,0.13,-0.83
2023-12-01,camion_cleas_si,cm_hs_total,,2.86,3533,0,965,0.0,0.0,0.25,-1.0
2024-01-01,camion_cleas_si,cm_hs_total,,2.38,4261,0,1141,0.0,0.0,0.21,
2024-02-01,camion_cleas_si,cm_hs_total,0,2.1,4825,0,1081,0.0,-1.0,0.13,
2024-03-01,camion_cleas_si,cm_hs_total,12000,1.89,5357,22672,1001,11.99,inf,0.11,inf
2024-04-01,camion_cleas_si,cm_hs_total,7737,1.74,5830,13431,1004,7.71,-0.36,0.09,-0.36
2024-05-01,camion_cleas_si,cm_hs_total,12145,1.67,6073,20238,1119,10.85,0.57,0.04,0.41
2024-06-01,camion_cleas_si,cm_hs_total,,1.59,6351,0,1278,0.0,0.0,0.05,-1.0
2024-07-01,camion_cleas_si,cm_hs_total,16482,1.53,6607,25246,1416,11.64,0.36,0.04,inf
2024-08-01,camion_cleas_si,cm_hs_total,51667,1.47,6883,75970,1340,38.56,2.13,0.04,2.31
2024-09-01,camion_cleas_si,cm_hs_total,6968,1.42,7122,9902,1243,5.61,-0.87,0.03,-0.85
2024-10-01,camion_cleas_si,cm_hs_total,21270,1.38,7313,29434,1201,17.71,2.05,0.03,2.16
2024-11-01,camion_cleas_si,cm_hs_total,19498,1.35,7491,26342,1124,17.35,-0.08,0.02,-0.02
2024-12-01,camion_cleas_si,cm_hs_total,17701,1.32,7694,23285,1105,16.02,-0.09,0.03,-0.08
2025-01-01,camion_cleas_si,cm_hs_total,18181,1.29,7864,23399,1216,14.95,0.03,0.02,-0.07
2025-02-01,camion_cleas_si,cm_hs_total,25381,1.26,8052,31900,1212,20.94,0.4,0.02,0.4
2025-03-01,camion_cleas_si,cm_hs_total,25875,1.21,8353,31351,1251,20.68,0.02,0.04,-0.01
2025-04-01,camion_cleas_si,cm_hs_total,22500,1.18,8585,26524,1263,17.81,-0.13,0.03,-0.14
2025-05-01,camion_cleas_si,cm_hs_total,22348,1.16,8714,25955,1162,19.23,-0.01,0.02,0.08
2025-06-01,camion_cleas_si,cm_hs_total,25144,1.14,8855,28738,1181,21.29,0.13,0.02,0.11
2025-07-01,camion_cleas_si,cm_hs_total,26971,1.12,9023,30250,1282,21.04,0.07,0.02,-0.01
2025-08-01,camion_cleas_si,cm_hs_total,26413,1.1,9193,29079,1329,19.87,-0.02,0.02,-0.06
2025-09-01,camion_cleas_si,cm_hs_total,24219,1.08,9384,26121,1406,17.225341394025605,-0.08307159353348725,0.02,-0.13
2025-10-01,camion_cleas_si,cm_hs_total,20135,1.05,9603,21220,1462,13.772305061559507,-0.16861755914715948,0.02,-0.2
2025-11-01,camion_cleas_si,cm_hs_total,19819,1.03,9841,20383,1426,13.891682742593757,-0.015690999453194077,0.02,0.01
2025-12-01,camion_cleas_si,cm_hs_total,24223,1.0,10121,24223,1446,16.742222367038714,0.22220203974233033,0.03,0.21
2023-01-01,camion_cleas_no,cm_hs_total,6155,8.41,1202,51785,366,16.82,,,
2023-02-01,camion_cleas_no,cm_hs_total,5862,7.89,1282,46254,375,15.63,-0.05,0.07,-0.07
2023-03-01,camion_cleas_no,cm_hs_total,5861,7.33,1381,42950,380,15.42,0.0,0.08,-0.01
2023-04-01,camion_cleas_no,cm_hs_total,8121,6.76,1497,54899,419,19.38,0.39,0.08,0.26
2023-05-01,camion_cleas_no,cm_hs_total,7574,6.27,1613,47508,477,15.88,-0.07,0.08,-0.18
2023-06-01,camion_cleas_no,cm_hs_total,7509,5.92,1709,44455,487,15.42,-0.01,0.06,-0.03
2023-07-01,camion_cleas_no,cm_hs_total,8414,5.57,1818,46841,516,16.31,0.12,0.06,0.06
2023-08-01,camion_cleas_no,cm_hs_total,9800,4.95,2044,48520,646,15.17,0.16,0.12,-0.07
2023-09-01,camion_cleas_no,cm_hs_total,10306,4.39,2304,45255,733,14.06,0.05,0.13,-0.07
2023-10-01,camion_cleas_no,cm_hs_total,10845,4.05,2496,43972,912,11.89,0.05,0.08,-0.15
2023-11-01,camion_cleas_no,cm_hs_total,14462,3.59,2816,51978,931,15.53,0.33,0.13,0.31
2023-12-01,camion_cleas_no,cm_hs_total,17306,2.86,3533,49575,965,17.93,0.2,0.25,0.15
2024-01-01,camion_cleas_no,cm_hs_total,17460,2.38,4261,41468,1141,15.3,0.01,0.21,-0.15
2024-02-01,camion_cleas_no,cm_hs_total,27939,2.1,4825,58597,1081,25.85,0.6,0.13,0.69
2024-03-01,camion_cleas_no,cm_hs_total,22713,1.89,5357,42912,1001,22.69,-0.19,0.11,-0.12
2024-04-01,camion_cleas_no,cm_hs_total,20853,1.74,5830,36201,1004,20.77,-0.08,0.09,-0.08
2024-05-01,camion_cleas_no,cm_hs_total,28342,1.67,6073,47229,1119,25.33,0.36,0.04,0.22
2024-06-01,camion_cleas_no,cm_hs_total,26740,1.59,6351,42609,1278,20.92,-0.06,0.05,-0.17
2024-07-01,camion_cleas_no,cm_hs_total,29867,1.53,6607,45748,1416,21.09,0.12,0.04,0.01
2024-08-01,camion_cleas_no,cm_hs_total,30857,1.47,6883,45371,1340,23.03,0.03,0.04,0.09
2024-09-01,camion_cleas_no,cm_hs_total,32757,1.42,7122,46550,1243,26.35,0.06,0.03,0.14
2024-10-01,camion_cleas_no,cm_hs_total,31824,1.38,7313,44039,1201,26.5,-0.03,0.03,0.01
2024-11-01,camion_cleas_no,cm_hs_total,26522,1.35,7491,35832,1124,23.6,-0.17,0.02,-0.11
2024-12-01,camion_cleas_no,cm_hs_total,35590,1.32,7694,46818,1105,32.21,0.34,0.03,0.36
2025-01-01,camion_cleas_no,cm_hs_total,37127,1.29,7864,47783,1216,30.53,0.04,0.02,-0.05
2025-02-01,camion_cleas_no,cm_hs_total,38103,1.26,8052,47889,1212,31.44,0.03,0.02,0.03
2025-03-01,camion_cleas_no,cm_hs_total,47653,1.21,8353,57739,1251,38.09,0.25,0.04,0.21
2025-04-01,camion_cleas_no,cm_hs_total,42959,1.18,8585,50643,1263,34.01,-0.1,0.03,-0.11
2025-05-01,camion_cleas_no,cm_hs_total,46230,1.16,8714,53693,1162,39.78,0.08,0.02,0.17
2025-06-01,camion_cleas_no,cm_hs_total,44726,1.14,8855,51119,1181,37.87,-0.03,0.02,-0.05
2025-07-01,camion_cleas_no,cm_hs_total,49948,1.12,9023,56022,1282,38.96,0.12,0.02,0.03
2025-08-01,camion_cleas_no,cm_hs_total,49889,1.1,9193,54925,1329,37.54,0.0,0.02,-0.04
2025-09-01,camion_cleas_no,cm_hs_total,51737,1.08,9384,55801,1406,36.79720483641537,0.03703962797410254,0.02,-0.02
2025-10-01,camion_cleas_no,cm_hs_total,52176,1.05,9603,54987,1462,35.68809849521204,0.008487757376895777,0.02,-0.03
2025-11-01,camion_cleas_no,cm_hs_total,56465,1.03,9841,58072,1426,39.57784898751011,0.08221116988653776,0.02,0.11
2025-12-01,camion_cleas_no,cm_hs_total,52639,1.0,10121,52639,1446,36.382719377236434,-0.0677600196226188,0.03,-0.08
