fecha,marca,zona,tipo_cristal,precio,instalacion
2023-12-01,CHEVROLET,CABA,Aleta/Ventilete,36674.850411690015,16962.28525296993
2023-12-01,CHEVROLET,CABA,Custodia/Coleta,95315.92054885392,16962.28525296993
2023-12-01,CHEVROLET,CABA,Luneta,104491.50060803551,27811.49693801808
2023-12-01,CHEVROLET,CABA,Parabrisas,154233.6439390227,38596.04229745618
2023-12-01,CHEVROLET,CABA,Puerta,51540.39659282002,11308.13492354545
2023-12-01,CHEVROLET,CORD_TUC_STAFE,Aleta/Ventilete,34579.14467387916,18531.29663886964
2023-12-01,CHEVROLET,CORD_TUC_STAFE,Custodia/Coleta,89869.29651749083,18531.29663886964
2023-12-01,CHEVROLET,CORD_TUC_STAFE,Luneta,98520.55771614777,30384.060404784763
2023-12-01,CHEVROLET,CORD_TUC_STAFE,Parabrisas,145420.29285679283,42166.17620997088
2023-12-01,CHEVROLET,CORD_TUC_STAFE,Puerta,48595.23107323031,12354.1374039734
2023-12-01,CHEVROLET,Rosario,Aleta/Ventilete,32483.438936068298,18531.29663886964
2023-12-01,CHEVROLET,Rosario,Custodia/Coleta,84422.67248612776,18531.29663886964
2023-12-01,CHEVROLET,Rosario,Luneta,92549.61482426003,30384.060404784763
2023-12-01,CHEVROLET,Rosario,Parabrisas,136606.94177456296,42166.17620997088
2023-12-01,CHEVROLET,Rosario,Puerta,45650.06555364059,12354.1374039734
2023-12-01,CHEVROLET,TIERRA DEL FUEGO,Aleta/Ventilete,62871.172134325745,33246.07909582106
2023-12-01,CHEVROLET,TIERRA DEL FUEGO,Custodia/Coleta,163398.7209408924,33246.07909582106
2023-12-01,CHEVROLET,TIERRA DEL FUEGO,Luneta,179128.2867566323,54510.53399851546
2023-12-01,CHEVROLET,TIERRA DEL FUEGO,Parabrisas,264400.53246689605,75648.2429030141
2023-12-01,CHEVROLET,TIERRA DEL FUEGO,Puerta,88354.96558769146,22163.94445014907
2023-12-01,FIAT,CABA,Aleta/Ventilete,30109.78048351376,16962.28525296993
2023-12-01,FIAT,CABA,Custodia/Coleta,76673.47505586423,16962.28525296993
2023-12-01,FIAT,CABA,Luneta,103795.66564814723,25707.724760437985
2023-12-01,FIAT,CABA,Parabrisas,161009.79154391075,38842.38392527059
2023-12-01,FIAT,CABA,Puerta,42450.879258054876,11308.13492354545
2023-12-01,FIAT,CORD_TUC_STAFE,Aleta/Ventilete,28389.221598741547,18531.29663886964
2023-12-01,FIAT,CORD_TUC_STAFE,Custodia/Coleta,72292.13362410056,18531.29663886964
2023-12-01,FIAT,CORD_TUC_STAFE,Luneta,97864.48475396741,28085.689300778504
2023-12-01,FIAT,CORD_TUC_STAFE,Parabrisas,151809.23202711588,42435.304438358115
2023-12-01,FIAT,CORD_TUC_STAFE,Puerta,40025.11472902317,12354.1374039734
2023-12-01,FIAT,Rosario,Aleta/Ventilete,26668.662713969334,18531.29663886964
2023-12-01,FIAT,Rosario,Custodia/Coleta,67910.79219233688,18531.29663886964
2023-12-01,FIAT,Rosario,Luneta,91933.30385978756,28085.689300778504
2023-12-01,FIAT,Rosario,Parabrisas,142608.67251032096,42435.304438358115
2023-12-01,FIAT,Rosario,Puerta,37599.35019999146,12354.1374039734
2023-12-01,FIAT,TIERRA DEL FUEGO,Aleta/Ventilete,51616.76654316645,33246.07909582106
2023-12-01,FIAT,TIERRA DEL FUEGO,Custodia/Coleta,131440.2429529101,33246.07909582106
2023-12-01,FIAT,TIERRA DEL FUEGO,Luneta,177935.42682539523,50387.14053045846
2023-12-01,FIAT,TIERRA DEL FUEGO,Parabrisas,276016.785503847,76131.07249353034
2023-12-01,FIAT,TIERRA DEL FUEGO,Puerta,72772.93587095122,22163.94445014907
2023-12-01,FORD,CABA,Aleta/Ventilete,36619.06943490622,16962.28525296993
2023-12-01,FORD,CABA,Custodia/Coleta,41044.998007151946,16962.28525296993
2023-12-01,FORD,CABA,Luneta,106939.16823795816,26932.77236198738
2023-12-01,FORD,CABA,Parabrisas,185470.11666224996,38622.590336341746
2023-12-01,FORD,CABA,Puerta,51548.0040388932,11308.13492354545
2023-12-01,FORD,CORD_TUC_STAFE,Aleta/Ventilete,34526.55118148302,18531.29663886964
2023-12-01,FORD,CORD_TUC_STAFE,Custodia/Coleta,38699.569549600405,18531.29663886964
2023-12-01,FORD,CORD_TUC_STAFE,Luneta,100828.35862436057,29424.053805471216
2023-12-01,FORD,CORD_TUC_STAFE,Parabrisas,174871.82428154995,42195.17994245336
2023-12-01,FORD,CORD_TUC_STAFE,Puerta,48602.40380809932,12354.1374039734
2023-12-01,FORD,Rosario,Aleta/Ventilete,32434.032928059798,18531.29663886964
2023-12-01,FORD,Rosario,Custodia/Coleta,36354.14109204886,18531.29663886964
2023-12-01,FORD,Rosario,Luneta,94717.54901076294,29424.053805471216
2023-12-01,FORD,Rosario,Parabrisas,164273.53190084995,42195.17994245336
2023-12-01,FORD,Rosario,Puerta,45656.803577305414,12354.1374039734
2023-12-01,FORD,TIERRA DEL FUEGO,Aleta/Ventilete,62775.54760269639,33246.07909582106
2023-12-01,FORD,TIERRA DEL FUEGO,Custodia/Coleta,70362.8537265462,33246.07909582106
2023-12-01,FORD,TIERRA DEL FUEGO,Luneta,183324.28840792828,52788.23382949528
2023-12-01,FORD,TIERRA DEL FUEGO,Parabrisas,317948.77142099995,75700.27705922982
2023-12-01,FORD,TIERRA DEL FUEGO,Puerta,88368.00692381692,22163.94445014907
2023-12-01,PEUGEOT,CABA,Aleta/Ventilete,109069.51379048632,16962.28525296993
2023-12-01,PEUGEOT,CABA,Custodia/Coleta,64137.350051119516,16962.28525296993
2023-12-01,PEUGEOT,CABA,Luneta,115462.3901941703,27703.213319709776
2023-12-01,PEUGEOT,CABA,Parabrisas,196913.6272681574,38515.0843836
2023-12-01,PEUGEOT,CABA,Puerta,43110.48500309453,11308.13492354545
2023-12-01,PEUGEOT,CORD_TUC_STAFE,Aleta/Ventilete,108477.95322886604,18531.29663886964
2023-12-01,PEUGEOT,CORD_TUC_STAFE,Custodia/Coleta,60472.35861962699,18531.29663886964
2023-12-01,PEUGEOT,CORD_TUC_STAFE,Luneta,108864.53932593203,30265.760551782932
2023-12-01,PEUGEOT,CORD_TUC_STAFE,Parabrisas,185661.4199956913,42077.729689083
2023-12-01,PEUGEOT,CORD_TUC_STAFE,Puerta,40647.028717203415,12354.137403973398
2023-12-01,PEUGEOT,Rosario,Aleta/Ventilete,107886.39266724576,18531.29663886964
2023-12-01,PEUGEOT,Rosario,Custodia/Coleta,56807.36718813444,18531.29663886964
2023-12-01,PEUGEOT,Rosario,Luneta,102266.6884576937,30265.760551782932
2023-12-01,PEUGEOT,Rosario,Parabrisas,174409.21272322515,42077.729689083
2023-12-01,PEUGEOT,Rosario,Puerta,38183.5724313123,12354.137403973398
2023-12-01,PEUGEOT,TIERRA DEL FUEGO,Aleta/Ventilete,116464.0208107399,33246.07909582106
2023-12-01,PEUGEOT,TIERRA DEL FUEGO,Custodia/Coleta,109949.74294477634,33246.07909582106
2023-12-01,PEUGEOT,TIERRA DEL FUEGO,Luneta,197935.5260471491,54298.29810663117
2023-12-01,PEUGEOT,TIERRA DEL FUEGO,Parabrisas,337566.21817398415,75489.565391856
2023-12-01,PEUGEOT,TIERRA DEL FUEGO,Puerta,73903.68857673348,22163.94445014907
2023-12-01,RENAULT,CABA,Aleta/Ventilete,39767.61557793859,16962.28525296993
2023-12-01,RENAULT,CABA,Custodia/Coleta,91839.90098987985,16962.28525296993
2023-12-01,RENAULT,CABA,Luneta,94505.71525508314,25338.521655071774
2023-12-01,RENAULT,CABA,Parabrisas,145543.05910658956,38029.7413584
2023-12-01,RENAULT,CABA,Puerta,45515.483011210024,11308.13492354545
2023-12-01,RENAULT,CORD_TUC_STAFE,Aleta/Ventilete,37495.18040205638,18531.29663886964
2023-12-01,RENAULT,CORD_TUC_STAFE,Custodia/Coleta,86591.90664760102,18531.29663886964
2023-12-01,RENAULT,CORD_TUC_STAFE,Luneta,89105.3886690784,27682.334908165918
2023-12-01,RENAULT,CORD_TUC_STAFE,Parabrisas,137226.3128719273,41547.492434052
2023-12-01,RENAULT,CORD_TUC_STAFE,Puerta,42914.59826771232,12354.1374039734
2023-12-01,RENAULT,Rosario,Aleta/Ventilete,35222.745226174186,18531.29663886964
2023-12-01,RENAULT,Rosario,Custodia/Coleta,81343.91230532216,18531.29663886964
2023-12-01,RENAULT,Rosario,Luneta,83705.06208307363,27682.334908165918
2023-12-01,RENAULT,Rosario,Parabrisas,128909.56663726504,41547.492434052
2023-12-01,RENAULT,Rosario,Puerta,40313.713524214596,12354.1374039734
2023-12-01,RENAULT,TIERRA DEL FUEGO,Aleta/Ventilete,68173.05527646616,33246.07909582106
2023-12-01,RENAULT,TIERRA DEL FUEGO,Custodia/Coleta,157439.83026836545,33246.07909582106
2023-12-01,RENAULT,TIERRA DEL FUEGO,Luneta,162009.79758014253,49663.502443940684
2023-12-01,RENAULT,TIERRA DEL FUEGO,Parabrisas,249502.3870398678,74538.29306246398
2023-12-01,RENAULT,TIERRA DEL FUEGO,Puerta,78026.54230493147,22163.94445014907
2023-12-01,TOYOTA,CABA,Aleta/Ventilete,36378.31364833688,16962.28525296993
2023-12-01,TOYOTA,CABA,Custodia/Coleta,122764.25393937816,16962.28525296993
2023-12-01,TOYOTA,CABA,Luneta,173417.23873814734,27726.0653820151
2023-12-01,TOYOTA,CABA,Parabrisas,202559.55878665464,38543.81601363934
2023-12-01,TOYOTA,CABA,Puerta,60635.76233960117,11308.13492354545
2023-12-01,TOYOTA,CORD_TUC_STAFE,Aleta/Ventilete,34299.552868431914,18531.29663886964
2023-12-01,TOYOTA,CORD_TUC_STAFE,Custodia/Coleta,115749.15371427088,18531.296638869637
2023-12-01,TOYOTA,CORD_TUC_STAFE,Luneta,163507.68223882464,30290.7264298515
2023-12-01,TOYOTA,CORD_TUC_STAFE,Parabrisas,190984.7268559887,42109.118994900986
2023-12-01,TOYOTA,CORD_TUC_STAFE,Puerta,57170.86163448111,12354.1374039734
2023-12-01,TOYOTA,Rosario,Aleta/Ventilete,32220.792088526952,18531.29663886964
2023-12-01,TOYOTA,Rosario,Custodia/Coleta,108734.05348916353,18531.296638869637
2023-12-01,TOYOTA,Rosario,Luneta,153598.12573950193,30290.7264298515
2023-12-01,TOYOTA,Rosario,Parabrisas,179409.89492532267,42109.118994900986
2023-12-01,TOYOTA,Rosario,Puerta,53705.96092936104,12354.1374039734
2023-12-01,TOYOTA,TIERRA DEL FUEGO,Aleta/Ventilete,62362.82339714893,33246.07909582106
2023-12-01,TOYOTA,TIERRA DEL FUEGO,Custodia/Coleta,210453.00675321973,33246.07909582106
2023-12-01,TOYOTA,TIERRA DEL FUEGO,Luneta,297286.6949796811,54343.0881487496
2023-12-01,TOYOTA,TIERRA DEL FUEGO,Parabrisas,347244.95791997935,75545.8793867331
2023-12-01,TOYOTA,TIERRA DEL FUEGO,Puerta,103947.02115360199,22163.944450149073
2023-12-01,VOLKSWAGEN,CABA,Aleta/Ventilete,37184.82769771186,16962.28525296993
2023-12-01,VOLKSWAGEN,CABA,Custodia/Coleta,48199.36543670342,16962.28525296993
2023-12-01,VOLKSWAGEN,CABA,Luneta,122805.82723559783,27652.02470014584
2023-12-01,VOLKSWAGEN,CABA,Parabrisas,171836.0992459641,38812.53168801509
2023-12-01,VOLKSWAGEN,CABA,Puerta,48510.30460758446,11308.13492354545
2023-12-01,VOLKSWAGEN,CORD_TUC_STAFE,Aleta/Ventilete,35059.98040069975,18531.29663886964
2023-12-01,VOLKSWAGEN,CORD_TUC_STAFE,Custodia/Coleta,45445.115983177515,18531.29663886964
2023-12-01,VOLKSWAGEN,CORD_TUC_STAFE,Luneta,115788.35139356367,30209.83698490934
2023-12-01,VOLKSWAGEN,CORD_TUC_STAFE,Parabrisas,162016.89357476617,42402.69086915649
2023-12-01,VOLKSWAGEN,CORD_TUC_STAFE,Puerta,45738.28720143678,12354.1374039734
2023-12-01,VOLKSWAGEN,Rosario,Aleta/Ventilete,32935.13310368765,18531.29663886964
2023-12-01,VOLKSWAGEN,Rosario,Custodia/Coleta,42690.8665296516,18531.29663886964
2023-12-01,VOLKSWAGEN,Rosario,Luneta,108770.87555152952,30209.83698490934
2023-12-01,VOLKSWAGEN,Rosario,Parabrisas,152197.68790356824,42402.69086915649
2023-12-01,VOLKSWAGEN,Rosario,Puerta,42966.269795289096,12354.1374039734
2023-12-01,VOLKSWAGEN,TIERRA DEL FUEGO,Aleta/Ventilete,63745.418910363194,33246.07909582106
2023-12-01,VOLKSWAGEN,TIERRA DEL FUEGO,Custodia/Coleta,82627.48360577729,33246.07909582106
2023-12-01,VOLKSWAGEN,TIERRA DEL FUEGO,Luneta,210524.27526102483,54197.96841228586
2023-12-01,VOLKSWAGEN,TIERRA DEL FUEGO,Parabrisas,294576.1701359385,76072.56210850958
2023-12-01,VOLKSWAGEN,TIERRA DEL FUEGO,Puerta,83160.5221844305,22163.94445014907
2024-02-01,CHEVROLET,CABA,Aleta/Ventilete,38508.592932274514,18488.89092573722
2024-02-01,CHEVROLET,CABA,Custodia/Coleta,100081.7165762966,18488.89092573722
2024-02-01,CHEVROLET,CABA,Luneta,110762.19704966737,30314.53166243972
2024-02-01,CHEVROLET,CABA,Parabrisas,165354.69537936943,42072.411791520004
2024-02-01,CHEVROLET,CABA,Puerta,54117.41642246102,12325.86706666454
2024-02-01,CHEVROLET,CORD_TUC_STAFE,Aleta/Ventilete,36308.10190757312,20199.11333636791
2024-02-01,CHEVROLET,CORD_TUC_STAFE,Custodia/Coleta,94362.76134336539,20199.11333636791
2024-02-01,CHEVROLET,CORD_TUC_STAFE,Luneta,104432.92864682926,33118.6258412154
2024-02-01,CHEVROLET,CORD_TUC_STAFE,Parabrisas,155905.85564340546,45964.109882235614
2024-02-01,CHEVROLET,CORD_TUC_STAFE,Puerta,51024.99262689183,13466.00977033101
2024-02-01,CHEVROLET,Rosario,Aleta/Ventilete,34107.61088287172,20199.11333636791
2024-02-01,CHEVROLET,Rosario,Custodia/Coleta,88643.80611043415,20199.11333636791
2024-02-01,CHEVROLET,Rosario,Luneta,98103.66024399111,33118.6258412154
2024-02-01,CHEVROLET,Rosario,Parabrisas,146457.0159074415,45964.109882235614
2024-02-01,CHEVROLET,Rosario,Puerta,47932.56883132262,13466.00977033101
2024-02-01,CHEVROLET,TIERRA DEL FUEGO,Aleta/Ventilete,66014.73074104203,36238.22621444496
2024-02-01,CHEVROLET,TIERRA DEL FUEGO,Custodia/Coleta,171568.65698793705,36238.22621444496
2024-02-01,CHEVROLET,TIERRA DEL FUEGO,Luneta,189878.05208514407,59416.48205838185
2024-02-01,CHEVROLET,TIERRA DEL FUEGO,Parabrisas,283465.192078919,82461.9271113792
2024-02-01,CHEVROLET,TIERRA DEL FUEGO,Puerta,92772.71386707603,24158.69945066249
2024-02-01,FIAT,CABA,Aleta/Ventilete,31615.269507689452,18488.89092573722
2024-02-01,FIAT,CABA,Custodia/Coleta,80507.14880865744,18488.89092573722
2024-02-01,FIAT,CABA,Luneta,110264.62974290122,28021.419988877413
2024-02-01,FIAT,CABA,Parabrisas,174278.53237097207,42338.19847854494
2024-02-01,FIAT,CABA,Puerta,44573.42322095762,12325.86706666454
2024-02-01,FIAT,CORD_TUC_STAFE,Aleta/Ventilete,29808.68267867863,20199.11333636791
2024-02-01,FIAT,CORD_TUC_STAFE,Custodia/Coleta,75906.7403053056,20199.11333636791
2024-02-01,FIAT,CORD_TUC_STAFE,Luneta,103963.79375759258,30613.40133784857
2024-02-01,FIAT,CORD_TUC_STAFE,Parabrisas,164319.75909263082,46254.48183781036
2024-02-01,FIAT,CORD_TUC_STAFE,Puerta,42026.370465474334,13466.00977033101
2024-02-01,FIAT,Rosario,Aleta/Ventilete,28002.095849667803,20199.11333636791
2024-02-01,FIAT,Rosario,Custodia/Coleta,71306.33180195374,20199.11333636791
2024-02-01,FIAT,Rosario,Luneta,97662.95777228395,30613.40133784857
2024-02-01,FIAT,Rosario,Parabrisas,154360.98581428954,46254.48183781036
2024-02-01,FIAT,Rosario,Puerta,39479.31770999103,13466.00977033101
2024-02-01,FIAT,TIERRA DEL FUEGO,Aleta/Ventilete,54197.60487032478,36238.22621444496
2024-02-01,FIAT,TIERRA DEL FUEGO,Custodia/Coleta,138012.2551005556,36238.22621444496
2024-02-01,FIAT,TIERRA DEL FUEGO,Luneta,189025.0795592592,54921.98317819973
2024-02-01,FIAT,TIERRA DEL FUEGO,Parabrisas,298763.19835023786,82982.86901794809
2024-02-01,FIAT,TIERRA DEL FUEGO,Puerta,76411.58266449878,24158.69945066249
2024-02-01,FORD,CABA,Aleta/Ventilete,38450.02290665154,18488.89092573722
2024-02-01,FORD,CABA,Custodia/Coleta,43097.24790750954,18488.89092573722
2024-02-01,FORD,CABA,Luneta,114591.73508236832,29356.721874566254
2024-02-01,FORD,CABA,Parabrisas,200029.21469802217,42098.62346661251
2024-02-01,FORD,CABA,Puerta,54125.404240837874,12325.86706666454
2024-02-01,FORD,CORD_TUC_STAFE,Aleta/Ventilete,36252.878740557164,20199.11333636791
2024-02-01,FORD,CORD_TUC_STAFE,Custodia/Coleta,40634.54802708043,20199.11333636791
2024-02-01,FORD,CORD_TUC_STAFE,Luneta,108043.63593480444,32072.21864796363
2024-02-01,FORD,CORD_TUC_STAFE,Parabrisas,188598.9738581352,45992.746137274175
2024-02-01,FORD,CORD_TUC_STAFE,Puerta,51032.52399850429,13466.00977033101
2024-02-01,FORD,Rosario,Aleta/Ventilete,34055.73457446279,20199.11333636791
2024-02-01,FORD,Rosario,Custodia/Coleta,38171.84814665131,20199.11333636791
2024-02-01,FORD,Rosario,Luneta,101495.53678724052,32072.21864796363
2024-02-01,FORD,Rosario,Parabrisas,177168.73301824823,45992.746137274175
2024-02-01,FORD,Rosario,Puerta,47939.64375617069,13466.00977033101
2024-02-01,FORD,TIERRA DEL FUEGO,Aleta/Ventilete,65914.3249828312,36238.22621444496
2024-02-01,FORD,TIERRA DEL FUEGO,Custodia/Coleta,73880.99641287349,36238.22621444496
2024-02-01,FORD,TIERRA DEL FUEGO,Luneta,196442.97442691715,57539.17487414985
2024-02-01,FORD,TIERRA DEL FUEGO,Parabrisas,342907.22519660945,82513.30199456052
2024-02-01,FORD,TIERRA DEL FUEGO,Puerta,92786.40727000778,24158.69945066249
2024-02-01,PEUGEOT,CABA,Aleta/Ventilete,115510.16151963198,18488.89092573722
2024-02-01,PEUGEOT,CABA,Custodia/Coleta,67344.21755367551,18488.89092573722
2024-02-01,PEUGEOT,CABA,Luneta,125088.11511253832,30196.502518483663
2024-02-01,PEUGEOT,CABA,Parabrisas,213543.8478811861,41981.44197812401
2024-02-01,PEUGEOT,CABA,Puerta,45266.009253249256,12325.867066664538
2024-02-01,PEUGEOT,CORD_TUC_STAFE,Aleta/Ventilete,114889.02292993068,20199.11333636791
2024-02-01,PEUGEOT,CORD_TUC_STAFE,Custodia/Coleta,63495.97655060834,20199.11333636791
2024-02-01,PEUGEOT,CORD_TUC_STAFE,Luneta,117940.22282039328,32989.6790014434
2024-02-01,PEUGEOT,CORD_TUC_STAFE,Parabrisas,201341.3422879755,45864.72536110048
2024-02-01,PEUGEOT,CORD_TUC_STAFE,Puerta,42679.38015306359,13466.00977033101
2024-02-01,PEUGEOT,Rosario,Aleta/Ventilete,114267.88434022936,20199.11333636791
2024-02-01,PEUGEOT,Rosario,Custodia/Coleta,59647.73554754117,20199.11333636791
2024-02-01,PEUGEOT,Rosario,Luneta,110792.33052824822,32989.6790014434
2024-02-01,PEUGEOT,Rosario,Parabrisas,189138.83669476488,45864.72536110048
2024-02-01,PEUGEOT,Rosario,Puerta,40092.75105287792,13466.00977033101
2024-02-01,PEUGEOT,TIERRA DEL FUEGO,Aleta/Ventilete,123274.39389089822,36238.22621444496
2024-02-01,PEUGEOT,TIERRA DEL FUEGO,Custodia/Coleta,115447.23009201515,36238.22621444496
2024-02-01,PEUGEOT,TIERRA DEL FUEGO,Luneta,214436.76876435144,59185.144936227975
2024-02-01,PEUGEOT,TIERRA DEL FUEGO,Parabrisas,366075.16779631906,82283.62627712304
2024-02-01,PEUGEOT,TIERRA DEL FUEGO,Puerta,77598.87300557016,24158.699450662487
2024-02-01,RENAULT,CABA,Aleta/Ventilete,41755.99635683552,18488.89092573722
2024-02-01,RENAULT,CABA,Custodia/Coleta,96431.89603937385,18488.89092573722
2024-02-01,RENAULT,CABA,Luneta,101560.04195494542,27618.988604028244
2024-02-01,RENAULT,CABA,Parabrisas,158410.57588504488,41452.418080656
2024-02-01,RENAULT,CABA,Puerta,47791.25716177053,12325.86706666454
2024-02-01,RENAULT,CORD_TUC_STAFE,Aleta/Ventilete,39369.939422159216,20199.11333636791
2024-02-01,RENAULT,CORD_TUC_STAFE,Custodia/Coleta,90921.50197998107,20199.113336367907
2024-02-01,RENAULT,CORD_TUC_STAFE,Luneta,95756.61098609141,30173.745049900852
2024-02-01,RENAULT,CORD_TUC_STAFE,Parabrisas,149358.54297732806,45286.766753116695
2024-02-01,RENAULT,CORD_TUC_STAFE,Puerta,45060.32818109793,13466.00977033101
2024-02-01,RENAULT,Rosario,Aleta/Ventilete,36983.88248748289,20199.11333636791
2024-02-01,RENAULT,Rosario,Custodia/Coleta,85411.10792058829,20199.113336367907
2024-02-01,RENAULT,Rosario,Luneta,89953.18001723738,30173.745049900852
2024-02-01,RENAULT,Rosario,Parabrisas,140306.5100696112,45286.766753116695
2024-02-01,RENAULT,Rosario,Puerta,42329.39920042533,13466.00977033101
2024-02-01,RENAULT,TIERRA DEL FUEGO,Aleta/Ventilete,71581.70804028946,36238.22621444496
2024-02-01,RENAULT,TIERRA DEL FUEGO,Custodia/Coleta,165311.82178178377,36238.22621444496
2024-02-01,RENAULT,TIERRA DEL FUEGO,Luneta,174102.92906562073,54133.217663895346
2024-02-01,RENAULT,TIERRA DEL FUEGO,Parabrisas,271560.9872315055,81246.73943808577
2024-02-01,RENAULT,TIERRA DEL FUEGO,Puerta,81927.86942017806,24158.69945066249
2024-02-01,TOYOTA,CABA,Aleta/Ventilete,38197.229330753726,18488.89092573722
2024-02-01,TOYOTA,CABA,Custodia/Coleta,128902.46663634712,18488.890925737218
2024-02-01,TOYOTA,CABA,Luneta,186297.86745127058,30221.411266396466
2024-02-01,TOYOTA,CABA,Parabrisas,218591.1047102193,42012.759454866886
2024-02-01,TOYOTA,CABA,Puerta,63667.55045658124,12325.867066664538
2024-02-01,TOYOTA,CORD_TUC_STAFE,Aleta/Ventilete,36014.53051185351,20199.11333636791
2024-02-01,TOYOTA,CORD_TUC_STAFE,Custodia/Coleta,121536.61139998444,20199.11333636791
2024-02-01,TOYOTA,CORD_TUC_STAFE,Luneta,175652.27502548372,33016.89180853814
2024-02-01,TOYOTA,CORD_TUC_STAFE,Parabrisas,206100.18444106393,45898.939704442084
2024-02-01,TOYOTA,CORD_TUC_STAFE,Puerta,60029.404716205165,13466.00977033101
2024-02-01,TOYOTA,Rosario,Aleta/Ventilete,33831.831692953296,20199.11333636791
2024-02-01,TOYOTA,Rosario,Custodia/Coleta,114170.75616362173,20199.11333636791
2024-02-01,TOYOTA,Rosario,Luneta,165006.6825996968,33016.89180853814
2024-02-01,TOYOTA,Rosario,Parabrisas,193609.2641719085,45898.939704442084
2024-02-01,TOYOTA,Rosario,Puerta,56391.258975829085,13466.00977033101
2024-02-01,TOYOTA,TIERRA DEL FUEGO,Aleta/Ventilete,65480.964567006384,36238.22621444496
2024-02-01,TOYOTA,TIERRA DEL FUEGO,Custodia/Coleta,220975.65709088073,36238.226214444956
2024-02-01,TOYOTA,TIERRA DEL FUEGO,Luneta,319367.7727736067,59233.96608213707
2024-02-01,TOYOTA,TIERRA DEL FUEGO,Parabrisas,374727.60807466164,82345.0085315391
2024-02-01,TOYOTA,TIERRA DEL FUEGO,Puerta,109144.37221128211,24158.69945066249
2024-02-01,VOLKSWAGEN,CABA,Aleta/Ventilete,39044.06908259745,18488.89092573722
2024-02-01,VOLKSWAGEN,CABA,Custodia/Coleta,50609.33370853859,18488.89092573722
2024-02-01,VOLKSWAGEN,CABA,Luneta,130198.26618899827,30140.70692315898
2024-02-01,VOLKSWAGEN,CABA,Parabrisas,182112.15553847738,42305.65953993645
2024-02-01,VOLKSWAGEN,CABA,Puerta,50935.81983796369,12325.86706666454
2024-02-01,VOLKSWAGEN,CORD_TUC_STAFE,Aleta/Ventilete,36812.979420734744,20199.11333636791
2024-02-01,VOLKSWAGEN,CORD_TUC_STAFE,Custodia/Coleta,47717.37178233639,20199.11333636791
2024-02-01,VOLKSWAGEN,CORD_TUC_STAFE,Luneta,122758.36526391268,32928.72231355118
2024-02-01,VOLKSWAGEN,CORD_TUC_STAFE,Parabrisas,171705.7466505644,46218.93304738059
2024-02-01,VOLKSWAGEN,CORD_TUC_STAFE,Puerta,48025.20156150863,13466.00977033101
2024-02-01,VOLKSWAGEN,Rosario,Aleta/Ventilete,34581.889758872036,20199.11333636791
2024-02-01,VOLKSWAGEN,Rosario,Custodia/Coleta,44825.40985613418,20199.11333636791
2024-02-01,VOLKSWAGEN,Rosario,Luneta,115318.46433882706,32928.72231355118
2024-02-01,VOLKSWAGEN,Rosario,Parabrisas,161299.3377626514,46218.93304738059
2024-02-01,VOLKSWAGEN,Rosario,Puerta,45114.58328505356,13466.00977033101
2024-02-01,VOLKSWAGEN,TIERRA DEL FUEGO,Aleta/Ventilete,66932.68985588136,36238.22621444496
2024-02-01,VOLKSWAGEN,TIERRA DEL FUEGO,Custodia/Coleta,86758.85778606616,36238.22621444496
2024-02-01,VOLKSWAGEN,TIERRA DEL FUEGO,Luneta,223197.0277525685,59075.7855693916
2024-02-01,VOLKSWAGEN,TIERRA DEL FUEGO,Parabrisas,312192.26663738984,82919.09269827546
2024-02-01,VOLKSWAGEN,TIERRA DEL FUEGO,Puerta,87318.54829365204,24158.69945066249
2024-03-01,CHEVROLET,CABA,Aleta/Ventilete,40434.022578888245,20337.78001831095
2024-03-01,CHEVROLET,CABA,Custodia/Coleta,105085.80240511145,20337.78001831095
2024-03-01,CHEVROLET,CABA,Luneta,117806.72173432208,33345.98482868369
2024-03-01,CHEVROLET,CABA,Parabrisas,176364.7723592316,46279.65297067201
2024-03-01,CHEVROLET,CABA,Puerta,56823.28724358408,14544.52313866415
2024-03-01,CHEVROLET,CORD_TUC_STAFE,Aleta/Ventilete,38123.507002951774,22219.02467000471
2024-03-01,CHEVROLET,CORD_TUC_STAFE,Custodia/Coleta,99080.89941053366,22219.02467000471
2024-03-01,CHEVROLET,CORD_TUC_STAFE,Luneta,111074.90906378941,36430.48842533694
2024-03-01,CHEVROLET,CORD_TUC_STAFE,Parabrisas,166286.78536727553,50560.52087045917
2024-03-01,CHEVROLET,CORD_TUC_STAFE,Puerta,53576.242258236416,15889.89152899059
2024-03-01,CHEVROLET,Rosario,Aleta/Ventilete,35812.9914270153,22219.02467000471
2024-03-01,CHEVROLET,Rosario,Custodia/Coleta,93075.99641595584,22219.02467000471
2024-03-01,CHEVROLET,Rosario,Luneta,104343.0963932567,36430.48842533694
2024-03-01,CHEVROLET,Rosario,Parabrisas,156208.79837531943,50560.52087045917
2024-03-01,CHEVROLET,Rosario,Puerta,50329.197272888756,15889.89152899059
2024-03-01,CHEVROLET,TIERRA DEL FUEGO,Aleta/Ventilete,69315.46727809413,39862.04883588946
2024-03-01,CHEVROLET,TIERRA DEL FUEGO,Custodia/Coleta,180147.0898373339,39862.04883588946
2024-03-01,CHEVROLET,TIERRA DEL FUEGO,Luneta,201954.38011598072,65358.130264220046
2024-03-01,CHEVROLET,TIERRA DEL FUEGO,Parabrisas,302339.6097586828,90708.11982251714
2024-03-01,CHEVROLET,TIERRA DEL FUEGO,Puerta,97411.34956042985,28507.265351781738
2024-03-01,FIAT,CABA,Aleta/Ventilete,33196.03298307392,20337.78001831095
2024-03-01,FIAT,CABA,Custodia/Coleta,84532.50624909031,20337.78001831095
2024-03-01,FIAT,CABA,Luneta,117619.88159982541,30823.56198776515
2024-03-01,FIAT,CABA,Parabrisas,181194.1371075438,46572.01832639944
2024-03-01,FIAT,CABA,Puerta,46802.0943820055,14544.52313866415
2024-03-01,FIAT,CORD_TUC_STAFE,Aleta/Ventilete,31299.116812612563,22219.02467000471
2024-03-01,FIAT,CORD_TUC_STAFE,Custodia/Coleta,79702.07732057087,22219.02467000471
2024-03-01,FIAT,CORD_TUC_STAFE,Luneta,110898.74550840682,33674.74147163343
2024-03-01,FIAT,CORD_TUC_STAFE,Parabrisas,170840.18641568418,50879.9300215914
2024-03-01,FIAT,CORD_TUC_STAFE,Puerta,44127.68898874805,15889.891528990593
2024-03-01,FIAT,Rosario,Aleta/Ventilete,29402.200642151198,22219.02467000471
2024-03-01,FIAT,Rosario,Custodia/Coleta,74871.64839205143,22219.02467000471
2024-03-01,FIAT,Rosario,Luneta,104177.60941698823,33674.74147163343
2024-03-01,FIAT,Rosario,Parabrisas,160486.2357238245,50879.9300215914
2024-03-01,FIAT,Rosario,Puerta,41453.28359549059,15889.891528990593
2024-03-01,FIAT,TIERRA DEL FUEGO,Aleta/Ventilete,56907.485113841016,39862.04883588946
2024-03-01,FIAT,TIERRA DEL FUEGO,Custodia/Coleta,144912.8678555834,39862.04883588946
2024-03-01,FIAT,TIERRA DEL FUEGO,Luneta,201634.08274255783,60414.1814960197
2024-03-01,FIAT,TIERRA DEL FUEGO,Parabrisas,310618.52075578936,91281.15591974292
2024-03-01,FIAT,TIERRA DEL FUEGO,Puerta,80232.16179772372,28507.26535178174
2024-03-01,FORD,CABA,Aleta/Ventilete,42994.501209920614,20337.78001831095
2024-03-01,FORD,CABA,Custodia/Coleta,44550.01310591986,20337.78001831095
2024-03-01,FORD,CABA,Luneta,124151.464513355,32358.70575394537
2024-03-01,FORD,CABA,Parabrisas,211288.01697191034,46308.485813273765
2024-03-01,FORD,CABA,Puerta,56268.180086618595,14544.52313866415
2024-03-01,FORD,CORD_TUC_STAFE,Aleta/Ventilete,40537.672569353745,22219.02467000471
2024-03-01,FORD,CORD_TUC_STAFE,Custodia/Coleta,42004.298071295874,22219.02467000471
2024-03-01,FORD,CORD_TUC_STAFE,Luneta,117057.09511259187,35351.88603618532
2024-03-01,FORD,CORD_TUC_STAFE,Parabrisas,199214.41600208695,50592.0207510016
2024-03-01,FORD,CORD_TUC_STAFE,Puerta,53052.8555102404,15889.89152899059
2024-03-01,FORD,Rosario,Aleta/Ventilete,38080.84392878684,22219.02467000471
2024-03-01,FORD,Rosario,Custodia/Coleta,39458.58303667189,22219.02467000471
2024-03-01,FORD,Rosario,Luneta,109962.72571182872,35351.88603618532
2024-03-01,FORD,Rosario,Parabrisas,187140.8150322635,50592.0207510016
2024-03-01,FORD,Rosario,Puerta,49837.53093386219,15889.89152899059
2024-03-01,FORD,TIERRA DEL FUEGO,Aleta/Ventilete,73704.85921700677,39862.04883588946
2024-03-01,FORD,TIERRA DEL FUEGO,Custodia/Coleta,76371.45103871977,39862.04883588946
2024-03-01,FORD,TIERRA DEL FUEGO,Luneta,212831.0820228943,63423.06327773293
2024-03-01,FORD,TIERRA DEL FUEGO,Parabrisas,362208.0290947035,90764.63219401658
2024-03-01,FORD,TIERRA DEL FUEGO,Puerta,96459.73729134616,28507.26535178174
2024-03-01,PEUGEOT,CABA,Aleta/Ventilete,122122.79148521247,20337.78001831095
2024-03-01,PEUGEOT,CABA,Custodia/Coleta,70711.42843135928,20337.78001831095
2024-03-01,PEUGEOT,CABA,Luneta,136303.69843536956,33216.15277033203
2024-03-01,PEUGEOT,CABA,Parabrisas,223886.94388113753,46183.99163230842
2024-03-01,PEUGEOT,CABA,Puerta,48033.667345781745,14544.52313866415
2024-03-01,PEUGEOT,CORD_TUC_STAFE,Aleta/Ventilete,121470.5959660261,22219.02467000471
2024-03-01,PEUGEOT,CORD_TUC_STAFE,Custodia/Coleta,66670.77537813876,22219.02467000471
2024-03-01,PEUGEOT,CORD_TUC_STAFE,Luneta,128514.91566763418,36288.646901587745
2024-03-01,PEUGEOT,CORD_TUC_STAFE,Parabrisas,211093.40423078687,50456.010858296955
2024-03-01,PEUGEOT,CORD_TUC_STAFE,Puerta,45288.88635459422,15889.891528990589
2024-03-01,PEUGEOT,Rosario,Aleta/Ventilete,120818.40044683973,22219.02467000471
2024-03-01,PEUGEOT,Rosario,Custodia/Coleta,62630.12232491822,22219.02467000471
2024-03-01,PEUGEOT,Rosario,Luneta,120726.13289989876,36288.646901587745
2024-03-01,PEUGEOT,Rosario,Parabrisas,198299.86458043614,50456.010858296955
2024-03-01,PEUGEOT,Rosario,Puerta,42544.10536340669,15889.891528990589
2024-03-01,PEUGEOT,TIERRA DEL FUEGO,Aleta/Ventilete,130275.23547504203,39862.04883588946
2024-03-01,PEUGEOT,TIERRA DEL FUEGO,Custodia/Coleta,121219.59159661591,39862.04883588946
2024-03-01,PEUGEOT,TIERRA DEL FUEGO,Luneta,233663.48303206213,65103.659429850784
2024-03-01,PEUGEOT,TIERRA DEL FUEGO,Parabrisas,383806.18951052154,90520.62359932449
2024-03-01,PEUGEOT,TIERRA DEL FUEGO,Puerta,82343.42973562586,28507.26535178174
2024-03-01,RENAULT,CABA,Aleta/Ventilete,43843.7961746773,20337.78001831095
2024-03-01,RENAULT,CABA,Custodia/Coleta,101253.49084134254,20337.78001831095
2024-03-01,RENAULT,CABA,Luneta,108952.62436852444,30380.887464431064
2024-03-01,RENAULT,CABA,Parabrisas,167908.37229943243,45597.65988872161
2024-03-01,RENAULT,CABA,Puerta,50180.820019859064,14544.52313866415
2024-03-01,RENAULT,CORD_TUC_STAFE,Aleta/Ventilete,41338.43639326718,22219.02467000471
2024-03-01,RENAULT,CORD_TUC_STAFE,Custodia/Coleta,95467.57707898015,22219.02467000471
2024-03-01,RENAULT,CORD_TUC_STAFE,Luneta,102726.76011889448,33191.119554890945
2024-03-01,RENAULT,CORD_TUC_STAFE,Parabrisas,158313.60816803636,49815.44342842836
2024-03-01,RENAULT,CORD_TUC_STAFE,Puerta,47313.34459015283,15889.891528990593
2024-03-01,RENAULT,Rosario,Aleta/Ventilete,38833.07661185703,22219.02467000471
2024-03-01,RENAULT,Rosario,Custodia/Coleta,89681.6633166177,22219.02467000471
2024-03-01,RENAULT,Rosario,Luneta,96500.89586926452,33191.119554890945
2024-03-01,RENAULT,Rosario,Parabrisas,148718.8440366402,49815.44342842836
2024-03-01,RENAULT,Rosario,Puerta,44445.8691604466,15889.891528990593
2024-03-01,RENAULT,TIERRA DEL FUEGO,Aleta/Ventilete,75160.79344230394,39862.04883588946
2024-03-01,RENAULT,TIERRA DEL FUEGO,Custodia/Coleta,173577.41287087294,39862.04883588946
2024-03-01,RENAULT,TIERRA DEL FUEGO,Luneta,186775.92748889906,59546.539430284894
2024-03-01,RENAULT,TIERRA DEL FUEGO,Parabrisas,287842.92394188425,89371.41338189435
2024-03-01,RENAULT,TIERRA DEL FUEGO,Puerta,86024.26289118697,28507.26535178174
2024-03-01,TOYOTA,CABA,Aleta/Ventilete,38913.14150519207,20337.78001831095
2024-03-01,TOYOTA,CABA,Custodia/Coleta,135347.58996816445,20337.78001831095
2024-03-01,TOYOTA,CABA,Luneta,197460.2535370094,33243.552393036116
2024-03-01,TOYOTA,CABA,Parabrisas,231031.32640458466,46613.038471356354
2024-03-01,TOYOTA,CABA,Puerta,67918.78379498768,14544.52313866415
2024-03-01,TOYOTA,CORD_TUC_STAFE,Aleta/Ventilete,36689.5334191811,22219.02467000471
2024-03-01,TOYOTA,CORD_TUC_STAFE,Custodia/Coleta,127613.44196998366,22219.02467000471
2024-03-01,TOYOTA,CORD_TUC_STAFE,Luneta,186176.81047775174,36318.58098939196
2024-03-01,TOYOTA,CORD_TUC_STAFE,Parabrisas,217829.53632432272,50924.74452995682
2024-03-01,TOYOTA,CORD_TUC_STAFE,Puerta,64037.710435274115,15889.891528990593
2024-03-01,TOYOTA,Rosario,Aleta/Ventilete,34465.92533317012,22219.02467000471
2024-03-01,TOYOTA,Rosario,Custodia/Coleta,119879.29397180282,22219.02467000471
2024-03-01,TOYOTA,Rosario,Luneta,174893.36741849405,36318.58098939196
2024-03-01,TOYOTA,Rosario,Parabrisas,204627.7462440607,50924.74452995682
2024-03-01,TOYOTA,Rosario,Puerta,60156.63707556053,15889.891528990593
2024-03-01,TOYOTA,TIERRA DEL FUEGO,Aleta/Ventilete,66708.24258032927,39862.04883588946
2024-03-01,TOYOTA,TIERRA DEL FUEGO,Custodia/Coleta,232024.43994542473,39862.04883588946
2024-03-01,TOYOTA,TIERRA DEL FUEGO,Luneta,338503.2917777304,65157.36269035079
2024-03-01,TOYOTA,TIERRA DEL FUEGO,Parabrisas,396053.70240785944,91361.55540385845
2024-03-01,TOYOTA,TIERRA DEL FUEGO,Puerta,116432.20079140746,28507.26535178174
2024-03-01,VOLKSWAGEN,CABA,Aleta/Ventilete,40996.27253672733,20337.78001831095
2024-03-01,VOLKSWAGEN,CABA,Custodia/Coleta,53139.800393965525,20337.78001831095
2024-03-01,VOLKSWAGEN,CABA,Luneta,137298.15054048007,33132.07721573319
2024-03-01,VOLKSWAGEN,CABA,Parabrisas,189835.39707706112,46536.225493930106
2024-03-01,VOLKSWAGEN,CABA,Puerta,55417.54460590211,14544.52313866415
2024-03-01,VOLKSWAGEN,CORD_TUC_STAFE,Aleta/Ventilete,38653.62839177149,22219.02467000471
2024-03-01,VOLKSWAGEN,CORD_TUC_STAFE,Custodia/Coleta,50103.240371453205,22219.02467000471
2024-03-01,VOLKSWAGEN,CORD_TUC_STAFE,Luneta,129452.54193816693,36196.79435818852
2024-03-01,VOLKSWAGEN,CORD_TUC_STAFE,Parabrisas,178987.6601012291,50840.826352118645
2024-03-01,VOLKSWAGEN,CORD_TUC_STAFE,Puerta,52250.82777127914,15889.89152899059
2024-03-01,VOLKSWAGEN,Rosario,Aleta/Ventilete,36310.984246815635,22219.02467000471
2024-03-01,VOLKSWAGEN,Rosario,Custodia/Coleta,47066.68034894089,22219.02467000471
2024-03-01,VOLKSWAGEN,Rosario,Luneta,121606.9333358538,36196.79435818852
2024-03-01,VOLKSWAGEN,Rosario,Parabrisas,168139.92312539704,50840.826352118645
2024-03-01,VOLKSWAGEN,Rosario,Puerta,49084.110936656165,15889.89152899059
2024-03-01,VOLKSWAGEN,TIERRA DEL FUEGO,Aleta/Ventilete,70279.32434867542,39862.04883588946
2024-03-01,VOLKSWAGEN,TIERRA DEL FUEGO,Custodia/Coleta,91096.80067536946,39862.04883588946
2024-03-01,VOLKSWAGEN,TIERRA DEL FUEGO,Luneta,235368.25806939445,64938.87134283706
2024-03-01,VOLKSWAGEN,TIERRA DEL FUEGO,Parabrisas,325432.109274962,91211.00196810302
2024-03-01,VOLKSWAGEN,TIERRA DEL FUEGO,Puerta,95001.50503868936,28507.265351781745
2024-05-01,CHEVROLET,CABA,Aleta/Ventilete,42931.84515401125,22168.18021995893
2024-05-01,CHEVROLET,CABA,Custodia/Coleta,114099.27602999118,22168.18021995893
2024-05-01,CHEVROLET,CABA,Luneta,124453.22949202685,35446.78187289076
2024-05-01,CHEVROLET,CABA,Parabrisas,182195.4175947125,49196.81271656063
2024-05-01,CHEVROLET,CABA,Puerta,59664.45160576327,15853.53022114393
2024-05-01,CHEVROLET,CORD_TUC_STAFE,Aleta/Ventilete,40478.59685949633,24218.73689030514
2024-05-01,CHEVROLET,CORD_TUC_STAFE,Custodia/Coleta,107579.31739970598,24218.73689030514
2024-05-01,CHEVROLET,CORD_TUC_STAFE,Luneta,117341.61637819676,38725.60919613318
2024-05-01,CHEVROLET,CORD_TUC_STAFE,Parabrisas,171784.25087501467,53747.517892842494
2024-05-01,CHEVROLET,CORD_TUC_STAFE,Puerta,56255.054371148246,17319.98176659974
2024-05-01,CHEVROLET,Rosario,Aleta/Ventilete,38025.3485649814,24218.73689030514
2024-05-01,CHEVROLET,Rosario,Custodia/Coleta,101059.35876942075,24218.73689030514
2024-05-01,CHEVROLET,Rosario,Luneta,110230.00326436665,38725.60919613318
2024-05-01,CHEVROLET,Rosario,Parabrisas,161373.08415531678,53747.517892842494
2024-05-01,CHEVROLET,Rosario,Puerta,52845.6571365332,17319.98176659974
2024-05-01,CHEVROLET,TIERRA DEL FUEGO,Aleta/Ventilete,73597.44883544785,43449.63323111951
2024-05-01,CHEVROLET,TIERRA DEL FUEGO,Custodia/Coleta,195598.7589085563,43449.63323111951
2024-05-01,CHEVROLET,TIERRA DEL FUEGO,Luneta,213348.3934149032,69475.6924708659
2024-05-01,CHEVROLET,TIERRA DEL FUEGO,Parabrisas,312335.0015909357,96425.75292445885
2024-05-01,CHEVROLET,TIERRA DEL FUEGO,Puerta,102281.91703845134,31072.919233442095
2024-05-01,FIAT,CABA,Aleta/Ventilete,35087.30083929131,22168.18021995893
2024-05-01,FIAT,CABA,Custodia/Coleta,88759.13156154483,22168.18021995893
2024-05-01,FIAT,CABA,Luneta,124656.26483911056,32821.42716586157
2024-05-01,FIAT,CABA,Parabrisas,187977.74988627926,49506.055480962605
2024-05-01,FIAT,CABA,Puerta,49142.199101105776,15853.53022114393
2024-05-01,FIAT,CORD_TUC_STAFE,Aleta/Ventilete,33082.312219903244,24218.736890305136
2024-05-01,FIAT,CORD_TUC_STAFE,Custodia/Coleta,83687.18118659942,24218.73689030514
2024-05-01,FIAT,CORD_TUC_STAFE,Luneta,117533.04970544712,35857.40917870378
2024-05-01,FIAT,CORD_TUC_STAFE,Parabrisas,177236.16417849192,54085.36561295165
2024-05-01,FIAT,CORD_TUC_STAFE,Puerta,46334.07343818545,17319.98176659974
2024-05-01,FIAT,Rosario,Aleta/Ventilete,31077.323600515167,24218.736890305136
2024-05-01,FIAT,Rosario,Custodia/Coleta,78615.23081165401,24218.73689030514
2024-05-01,FIAT,Rosario,Luneta,110409.83457178365,35857.40917870378
2024-05-01,FIAT,Rosario,Parabrisas,166494.5784707045,54085.36561295165
2024-05-01,FIAT,Rosario,Puerta,43525.94777526512,17319.98176659974
2024-05-01,FIAT,TIERRA DEL FUEGO,Aleta/Ventilete,60149.65858164225,43449.63323111951
2024-05-01,FIAT,TIERRA DEL FUEGO,Custodia/Coleta,152158.51124836257,43449.63323111951
2024-05-01,FIAT,TIERRA DEL FUEGO,Luneta,213696.45400990386,64329.99724508869
2024-05-01,FIAT,TIERRA DEL FUEGO,Parabrisas,322247.5712336216,97031.86874268671
2024-05-01,FIAT,TIERRA DEL FUEGO,Puerta,84243.7698876099,31072.919233442088
2024-05-01,FORD,CABA,Aleta/Ventilete,45144.22627041666,22168.18021995893
2024-05-01,FORD,CABA,Custodia/Coleta,46897.128017933086,22168.18021995893
2024-05-01,FORD,CABA,Luneta,134319.24429650663,34462.47359563575
2024-05-01,FORD,CABA,Parabrisas,217368.773022229,49228.03810888245
2024-05-01,FORD,CABA,Puerta,59116.12907823906,15853.530221143928
2024-05-01,FORD,CORD_TUC_STAFE,Aleta/Ventilete,42564.556197821425,24218.73689030514
2024-05-01,FORD,CORD_TUC_STAFE,Custodia/Coleta,44217.29213119406,24218.73689030514
2024-05-01,FORD,CORD_TUC_STAFE,Luneta,126643.85890813482,37650.25240323207
2024-05-01,FORD,CORD_TUC_STAFE,Parabrisas,204947.70027810163,53781.63163395408
2024-05-01,FORD,CORD_TUC_STAFE,Puerta,55738.06455948254,17319.98176659974
2024-05-01,FORD,Rosario,Aleta/Ventilete,39984.886125226185,24218.73689030514
2024-05-01,FORD,Rosario,Custodia/Coleta,41537.456244455025,24218.73689030514
2024-05-01,FORD,Rosario,Luneta,118968.47351976299,37650.25240323207
2024-05-01,FORD,Rosario,Parabrisas,192526.62753397427,53781.63163395408
2024-05-01,FORD,Rosario,Puerta,52360.00004072602,17319.98176659974
2024-05-01,FORD,TIERRA DEL FUEGO,Aleta/Ventilete,77390.10217785712,43449.63323111951
2024-05-01,FORD,TIERRA DEL FUEGO,Custodia/Coleta,80395.076602171,43449.63323111951
2024-05-01,FORD,TIERRA DEL FUEGO,Luneta,230261.5616511542,67546.4482474461
2024-05-01,FORD,TIERRA DEL FUEGO,Parabrisas,372632.1823238212,96486.95469340959
2024-05-01,FORD,TIERRA DEL FUEGO,Puerta,101341.93556269554,31072.91923344209
2024-05-01,PEUGEOT,CABA,Aleta/Ventilete,132657.30585545112,22168.18021995893
2024-05-01,PEUGEOT,CABA,Custodia/Coleta,74246.99985292724,22168.18021995893
2024-05-01,PEUGEOT,CABA,Luneta,144862.25485819104,35308.77039486294
2024-05-01,PEUGEOT,CABA,Parabrisas,228686.27245983866,49098.09266081828
2024-05-01,PEUGEOT,CABA,Puerta,50435.350713070846,15853.53022114393
2024-05-01,PEUGEOT,CORD_TUC_STAFE,Aleta/Ventilete,131972.50056030543,24218.73689030514
2024-05-01,PEUGEOT,CORD_TUC_STAFE,Custodia/Coleta,70004.31414704569,24218.73689030514
2024-05-01,PEUGEOT,CORD_TUC_STAFE,Luneta,136584.41172343728,38574.83165638778
2024-05-01,PEUGEOT,CORD_TUC_STAFE,Parabrisas,215618.4854621336,53639.666231943964
2024-05-01,PEUGEOT,CORD_TUC_STAFE,Puerta,47553.330672323944,17319.98176659974
2024-05-01,PEUGEOT,Rosario,Aleta/Ventilete,131287.69526515974,24218.73689030514
2024-05-01,PEUGEOT,Rosario,Custodia/Coleta,65761.62844116414,24218.73689030514
2024-05-01,PEUGEOT,Rosario,Luneta,128306.56858868348,38574.83165638778
2024-05-01,PEUGEOT,Rosario,Parabrisas,202550.6984644285,53639.666231943964
2024-05-01,PEUGEOT,Rosario,Puerta,44671.310631577035,17319.98176659974
2024-05-01,PEUGEOT,TIERRA DEL FUEGO,Aleta/Ventilete,141217.37204477217,43449.63323111951
2024-05-01,PEUGEOT,TIERRA DEL FUEGO,Custodia/Coleta,127280.57117644671,43449.63323111951
2024-05-01,PEUGEOT,TIERRA DEL FUEGO,Luneta,248335.2940426132,69205.18997393138
2024-05-01,PEUGEOT,TIERRA DEL FUEGO,Parabrisas,392033.60993115196,96232.26161520381
2024-05-01,PEUGEOT,TIERRA DEL FUEGO,Puerta,86460.60122240716,31072.919233442095
2024-05-01,RENAULT,CABA,Aleta/Ventilete,46271.18126603547,22168.18021995893
2024-05-01,RENAULT,CABA,Custodia/Coleta,106658.12982963245,22168.18021995893
2024-05-01,RENAULT,CABA,Luneta,116170.91481237231,32294.88337469022
2024-05-01,RENAULT,CABA,Parabrisas,175456.6316483012,48470.31246171107
2024-05-01,RENAULT,CABA,Puerta,52721.383462518745,15853.530221143928
2024-05-01,RENAULT,CORD_TUC_STAFE,Aleta/Ventilete,43627.11376511916,24218.73689030514
2024-05-01,RENAULT,CORD_TUC_STAFE,Custodia/Coleta,100563.37955365346,24218.73689030514
2024-05-01,RENAULT,CORD_TUC_STAFE,Luneta,109532.57682309388,35282.16008684908
2024-05-01,RENAULT,CORD_TUC_STAFE,Parabrisas,165430.53841125543,52953.81636441935
2024-05-01,RENAULT,CORD_TUC_STAFE,Puerta,49708.73297894625,17319.98176659974
2024-05-01,RENAULT,Rosario,Aleta/Ventilete,40983.04626420284,24218.73689030514
2024-05-01,RENAULT,Rosario,Custodia/Coleta,94468.62927767445,24218.73689030514
2024-05-01,RENAULT,Rosario,Luneta,102894.23883381547,35282.16008684908
2024-05-01,RENAULT,Rosario,Parabrisas,155404.44517420966,52953.81636441935
2024-05-01,RENAULT,Rosario,Puerta,46696.082495373754,17319.98176659974
2024-05-01,RENAULT,TIERRA DEL FUEGO,Aleta/Ventilete,79322.02502748936,43449.63323111951
2024-05-01,RENAULT,TIERRA DEL FUEGO,Custodia/Coleta,182842.50827936994,43449.6332311195
2024-05-01,RENAULT,TIERRA DEL FUEGO,Luneta,199150.1396783525,63297.97141439284
2024-05-01,RENAULT,TIERRA DEL FUEGO,Parabrisas,300782.7971113735,95001.81242495369
2024-05-01,RENAULT,TIERRA DEL FUEGO,Puerta,90379.514507175,31072.91923344209
2024-05-01,TOYOTA,CABA,Aleta/Ventilete,40383.57474413865,22168.18021995893
2024-05-01,TOYOTA,CABA,Custodia/Coleta,142114.9694665727,22168.18021995893
2024-05-01,TOYOTA,CABA,Luneta,209510.41345046792,35337.89619379739
2024-05-01,TOYOTA,CABA,Parabrisas,234448.21714121551,49549.6598950518
2024-05-01,TOYOTA,CABA,Puerta,71421.03746807041,15853.530221143928
2024-05-01,TOYOTA,CORD_TUC_STAFE,Aleta/Ventilete,38075.94190161645,24218.73689030514
2024-05-01,TOYOTA,CORD_TUC_STAFE,Custodia/Coleta,133994.11406848283,24218.736890305136
2024-05-01,TOYOTA,CORD_TUC_STAFE,Luneta,197538.3898247269,38606.65159172366
2024-05-01,TOYOTA,CORD_TUC_STAFE,Parabrisas,221051.17616171754,54133.00343534409
2024-05-01,TOYOTA,CORD_TUC_STAFE,Puerta,67339.83532703783,17319.98176659974
2024-05-01,TOYOTA,Rosario,Aleta/Ventilete,35768.30905909424,24218.73689030514
2024-05-01,TOYOTA,Rosario,Custodia/Coleta,125873.25867039296,24218.736890305136
2024-05-01,TOYOTA,Rosario,Luneta,185566.3661989859,38606.65159172366
2024-05-01,TOYOTA,Rosario,Parabrisas,207654.13518221947,54133.00343534409
2024-05-01,TOYOTA,Rosario,Puerta,63258.63318600523,17319.98176659974
2024-05-01,TOYOTA,TIERRA DEL FUEGO,Aleta/Ventilete,69228.98527566626,43449.633231119515
2024-05-01,TOYOTA,TIERRA DEL FUEGO,Custodia/Coleta,243625.6619426961,43449.63323111951
2024-05-01,TOYOTA,TIERRA DEL FUEGO,Luneta,359160.7087722308,69262.27653984289
2024-05-01,TOYOTA,TIERRA DEL FUEGO,Parabrisas,401911.22938494093,97117.33339430153
2024-05-01,TOYOTA,TIERRA DEL FUEGO,Puerta,122436.06423097785,31072.91923344209
2024-05-01,VOLKSWAGEN,CABA,Aleta/Ventilete,43046.0861635637,22168.18021995893
2024-05-01,VOLKSWAGEN,CABA,Custodia/Coleta,55796.790413663795,22168.18021995893
2024-05-01,VOLKSWAGEN,CABA,Luneta,144730.89621924039,35219.398080324376
2024-05-01,VOLKSWAGEN,CABA,Parabrisas,192394.591758601,49468.0077000477
2024-05-01,VOLKSWAGEN,CABA,Puerta,58358.942166673376,15853.53022114393
2024-05-01,VOLKSWAGEN,CORD_TUC_STAFE,Aleta/Ventilete,40586.30981136006,24218.73689030514
2024-05-01,VOLKSWAGEN,CORD_TUC_STAFE,Custodia/Coleta,52608.40239002587,24218.73689030514
2024-05-01,VOLKSWAGEN,CORD_TUC_STAFE,Luneta,136460.55929242665,38477.1924027544
2024-05-01,VOLKSWAGEN,CORD_TUC_STAFE,Parabrisas,181400.61508668095,54043.79841230212
2024-05-01,VOLKSWAGEN,CORD_TUC_STAFE,Puerta,55024.14547143492,17319.98176659974
2024-05-01,VOLKSWAGEN,Rosario,Aleta/Ventilete,38126.53345915642,24218.73689030514
2024-05-01,VOLKSWAGEN,Rosario,Custodia/Coleta,49420.01436638794,24218.73689030514
2024-05-01,VOLKSWAGEN,Rosario,Luneta,128190.22236561294,38477.1924027544
2024-05-01,VOLKSWAGEN,Rosario,Parabrisas,170406.63841476088,54043.79841230212
2024-05-01,VOLKSWAGEN,Rosario,Puerta,51689.34877619643,17319.98176659974
2024-05-01,VOLKSWAGEN,TIERRA DEL FUEGO,Aleta/Ventilete,73793.29056610918,43449.63323111951
2024-05-01,VOLKSWAGEN,TIERRA DEL FUEGO,Custodia/Coleta,95651.64070913795,43449.63323111951
2024-05-01,VOLKSWAGEN,TIERRA DEL FUEGO,Luneta,248110.1078044121,69030.0202374358
2024-05-01,VOLKSWAGEN,TIERRA DEL FUEGO,Parabrisas,329819.30015760165,96957.2950920935
2024-05-01,VOLKSWAGEN,TIERRA DEL FUEGO,Puerta,100043.90085715437,31072.919233442095
2024-07-01,CHEVROLET,CABA,Aleta/Ventilete,45076.819111753066,23719.95283535606
2024-07-01,CHEVROLET,CABA,Custodia/Coleta,117900.6733164842,23719.95283535606
2024-07-01,CHEVROLET,CABA,Luneta,129547.90762764995,37928.05660399312
2024-07-01,CHEVROLET,CABA,Parabrisas,193320.3135859101,52640.58960671989
2024-07-01,CHEVROLET,CABA,Puerta,61454.38515393618,16963.277336624
2024-07-01,CHEVROLET,CORD_TUC_STAFE,Aleta/Ventilete,42501.000876795755,25914.04847262649
2024-07-01,CHEVROLET,CORD_TUC_STAFE,Custodia/Coleta,111163.49198411366,25914.04847262649
2024-07-01,CHEVROLET,CORD_TUC_STAFE,Luneta,122145.17004892709,41436.40183986249
2024-07-01,CHEVROLET,CORD_TUC_STAFE,Parabrisas,182273.43852385812,57509.84414534147
2024-07-01,CHEVROLET,CORD_TUC_STAFE,Puerta,57942.706002282684,18532.38049026172
2024-07-01,CHEVROLET,Rosario,Aleta/Ventilete,39925.18264183843,25914.04847262649
2024-07-01,CHEVROLET,Rosario,Custodia/Coleta,104426.31065174314,25914.04847262649
2024-07-01,CHEVROLET,Rosario,Luneta,114742.43247020424,41436.40183986249
2024-07-01,CHEVROLET,Rosario,Parabrisas,171226.5634618061,57509.84414534147
2024-07-01,CHEVROLET,Rosario,Puerta,54431.02685062919,18532.38049026172
2024-07-01,CHEVROLET,TIERRA DEL FUEGO,Aleta/Ventilete,77274.54704871954,46491.10755729787
2024-07-01,CHEVROLET,TIERRA DEL FUEGO,Custodia/Coleta,202115.43997111576,46491.10755729787
2024-07-01,CHEVROLET,TIERRA DEL FUEGO,Luneta,222082.12736168562,74338.99094382652
2024-07-01,CHEVROLET,TIERRA DEL FUEGO,Parabrisas,331406.2518615602,103175.55562917098
2024-07-01,CHEVROLET,TIERRA DEL FUEGO,Puerta,105350.37454960488,33248.02357978305
2024-07-01,FIAT,CABA,Aleta/Ventilete,36556.55903718469,23719.952835356056
2024-07-01,FIAT,CABA,Custodia/Coleta,89544.50551273175,23719.95283535606
2024-07-01,FIAT,CABA,Luneta,129524.21858861472,35059.02764050396
2024-07-01,FIAT,CABA,Parabrisas,204402.83481549303,53279.517363258994
2024-07-01,FIAT,CABA,Puerta,51244.86523029202,16963.277336624
2024-07-01,FIAT,CORD_TUC_STAFE,Aleta/Ventilete,34467.61280648843,25914.048472626488
2024-07-01,FIAT,CORD_TUC_STAFE,Custodia/Coleta,84427.67662628993,25914.04847262649
2024-07-01,FIAT,CORD_TUC_STAFE,Luneta,122122.83466926533,38301.98769725059
2024-07-01,FIAT,CORD_TUC_STAFE,Parabrisas,192722.67282603632,58207.87271936044
2024-07-01,FIAT,CORD_TUC_STAFE,Puerta,48316.58721713248,18532.38049026172
2024-07-01,FIAT,Rosario,Aleta/Ventilete,32378.66657579216,25914.048472626488
2024-07-01,FIAT,Rosario,Custodia/Coleta,79310.8477398481,25914.04847262649
2024-07-01,FIAT,Rosario,Luneta,114721.4507499159,38301.98769725059
2024-07-01,FIAT,Rosario,Parabrisas,181042.51083657955,58207.87271936044
2024-07-01,FIAT,Rosario,Puerta,45388.30920397293,18532.38049026172
2024-07-01,FIAT,TIERRA DEL FUEGO,Aleta/Ventilete,62668.38692088805,46491.10755729787
2024-07-01,FIAT,TIERRA DEL FUEGO,Custodia/Coleta,153504.8665932544,46491.10755729787
2024-07-01,FIAT,TIERRA DEL FUEGO,Luneta,222041.51758048238,68715.69417538778
2024-07-01,FIAT,TIERRA DEL FUEGO,Parabrisas,350404.85968370235,104427.85403198762
2024-07-01,FIAT,TIERRA DEL FUEGO,Puerta,87848.34039478633,33248.02357978305
2024-07-01,FORD,CABA,Aleta/Ventilete,46498.55305852915,23719.952835356056
2024-07-01,FORD,CABA,Custodia/Coleta,49289.585263160865,23719.952835356056
2024-07-01,FORD,CABA,Luneta,140845.68909968127,36907.775386427464
2024-07-01,FORD,CABA,Parabrisas,231409.17634674287,52674.00077650423
2024-07-01,FORD,CABA,Puerta,60700.18929614431,16963.277336624
2024-07-01,FORD,CORD_TUC_STAFE,Aleta/Ventilete,43841.49288375606,25914.04847262649
2024-07-01,FORD,CORD_TUC_STAFE,Custodia/Coleta,46473.0375338374,25914.04847262649
2024-07-01,FORD,CORD_TUC_STAFE,Luneta,132797.36400827093,40321.74460967201
2024-07-01,FORD,CORD_TUC_STAFE,Parabrisas,218185.79484121472,57546.345848330864
2024-07-01,FORD,CORD_TUC_STAFE,Puerta,57231.60705065037,18532.38049026172
2024-07-01,FORD,Rosario,Aleta/Ventilete,41184.43270898297,25914.04847262649
2024-07-01,FORD,Rosario,Custodia/Coleta,43656.48980451392,25914.04847262649
2024-07-01,FORD,Rosario,Luneta,124749.03891686055,40321.74460967201
2024-07-01,FORD,Rosario,Parabrisas,204962.41333568658,57546.345848330864
2024-07-01,FORD,Rosario,Puerta,53763.0248051564,18532.38049026172
2024-07-01,FORD,TIERRA DEL FUEGO,Aleta/Ventilete,79711.80524319284,46491.10755729787
2024-07-01,FORD,TIERRA DEL FUEGO,Custodia/Coleta,84496.43187970437,46491.10755729787
2024-07-01,FORD,TIERRA DEL FUEGO,Luneta,241449.75274231075,72339.23975739784
2024-07-01,FORD,TIERRA DEL FUEGO,Parabrisas,396701.445165845,103241.04152194827
2024-07-01,FORD,TIERRA DEL FUEGO,Puerta,104057.46736481882,33248.02357978305
2024-07-01,PEUGEOT,CABA,Aleta/Ventilete,137843.7571630187,23719.95283535606
2024-07-01,PEUGEOT,CABA,Custodia/Coleta,76474.40984851506,23719.95283535606
2024-07-01,PEUGEOT,CABA,Luneta,152346.19120583212,37780.384322503356
2024-07-01,PEUGEOT,CABA,Parabrisas,244847.31561950216,52534.95914707556
2024-07-01,PEUGEOT,CABA,Puerta,51948.41123446297,16963.277336624
2024-07-01,PEUGEOT,CORD_TUC_STAFE,Aleta/Ventilete,137138.40770901862,25914.048472626488
2024-07-01,PEUGEOT,CORD_TUC_STAFE,Custodia/Coleta,72104.44357145707,25914.04847262649
2024-07-01,PEUGEOT,CORD_TUC_STAFE,Luneta,143640.69456549888,41275.06987233492
2024-07-01,PEUGEOT,CORD_TUC_STAFE,Parabrisas,230856.0404412449,57394.44286818005
2024-07-01,PEUGEOT,CORD_TUC_STAFE,Puerta,48979.930592493656,18532.38049026172
2024-07-01,PEUGEOT,Rosario,Aleta/Ventilete,136433.05825501858,25914.048472626488
2024-07-01,PEUGEOT,Rosario,Custodia/Coleta,67734.47729439907,25914.04847262649
2024-07-01,PEUGEOT,Rosario,Luneta,134935.19792516562,41275.06987233492
2024-07-01,PEUGEOT,Rosario,Parabrisas,216864.76526298764,57394.44286818005
2024-07-01,PEUGEOT,Rosario,Puerta,46011.44995052435,18532.38049026172
2024-07-01,PEUGEOT,TIERRA DEL FUEGO,Aleta/Ventilete,146660.62533801937,46491.10755729787
2024-07-01,PEUGEOT,TIERRA DEL FUEGO,Custodia/Coleta,131098.98831174013,46491.10755729787
2024-07-01,PEUGEOT,TIERRA DEL FUEGO,Luneta,261164.89920999794,74049.55327210658
2024-07-01,PEUGEOT,TIERRA DEL FUEGO,Parabrisas,419738.255347718,102968.5199282681
2024-07-01,PEUGEOT,TIERRA DEL FUEGO,Puerta,89054.41925907937,33248.02357978305
2024-07-01,RENAULT,CABA,Aleta/Ventilete,48082.66821274026,23719.95283535606
2024-07-01,RENAULT,CABA,Custodia/Coleta,110473.4097277224,23719.95283535606
2024-07-01,RENAULT,CABA,Luneta,122843.22886250241,34555.52521091854
2024-07-01,RENAULT,CABA,Parabrisas,186799.42085311885,51863.23433403085
2024-07-01,RENAULT,CABA,Puerta,54359.765361394435,16963.277336624
2024-07-01,RENAULT,CORD_TUC_STAFE,Aleta/Ventilete,45335.087172012245,25914.04847262649
2024-07-01,RENAULT,CORD_TUC_STAFE,Custodia/Coleta,104160.64345756685,25914.04847262649
2024-07-01,RENAULT,CORD_TUC_STAFE,Luneta,115823.61578464514,37751.91129292851
2024-07-01,RENAULT,CORD_TUC_STAFE,Parabrisas,176125.16823294063,56660.58350992871
2024-07-01,RENAULT,CORD_TUC_STAFE,Puerta,51253.493055029045,18532.38049026172
2024-07-01,RENAULT,Rosario,Aleta/Ventilete,42587.50613128423,25914.04847262649
2024-07-01,RENAULT,Rosario,Custodia/Coleta,97847.87718741129,25914.04847262649
2024-07-01,RENAULT,Rosario,Luneta,108804.00270678785,37751.91129292851
2024-07-01,RENAULT,Rosario,Parabrisas,165450.9156127624,56660.58350992871
2024-07-01,RENAULT,Rosario,Puerta,48147.22074866365,18532.38049026172
2024-07-01,RENAULT,TIERRA DEL FUEGO,Aleta/Ventilete,82427.43122184044,46491.10755729787
2024-07-01,RENAULT,TIERRA DEL FUEGO,Custodia/Coleta,189382.988104667,46491.10755729787
2024-07-01,RENAULT,TIERRA DEL FUEGO,Luneta,210588.3923357184,67728.82941340035
2024-07-01,RENAULT,TIERRA DEL FUEGO,Parabrisas,320227.57860534656,101651.93929470047
2024-07-01,RENAULT,TIERRA DEL FUEGO,Puerta,93188.1691909619,33248.02357978305
2024-07-01,TOYOTA,CABA,Aleta/Ventilete,41742.59648646281,23719.952835356056
2024-07-01,TOYOTA,CABA,Custodia/Coleta,146378.41855056986,23719.95283535606
2024-07-01,TOYOTA,CABA,Luneta,219714.59087987646,37811.548927363205
2024-07-01,TOYOTA,CABA,Parabrisas,248416.48297362102,53018.13608770544
2024-07-01,TOYOTA,CABA,Puerta,73755.03466211252,16963.277336624
2024-07-01,TOYOTA,CORD_TUC_STAFE,Aleta/Ventilete,39357.30525866494,25914.04847262649
2024-07-01,TOYOTA,CORD_TUC_STAFE,Custodia/Coleta,138013.93749053733,25914.048472626488
2024-07-01,TOYOTA,CORD_TUC_STAFE,Luneta,207159.4714010264,41309.117203144306
2024-07-01,TOYOTA,CORD_TUC_STAFE,Parabrisas,234221.25537512844,57922.313675818186
2024-07-01,TOYOTA,CORD_TUC_STAFE,Puerta,69540.46125284897,18532.38049026172
2024-07-01,TOYOTA,Rosario,Aleta/Ventilete,36972.01403086706,25914.04847262649
2024-07-01,TOYOTA,Rosario,Custodia/Coleta,129649.45643050474,25914.048472626488
2024-07-01,TOYOTA,Rosario,Luneta,194604.3519221763,41309.117203144306
2024-07-01,TOYOTA,Rosario,Parabrisas,220026.0277766358,57922.313675818186
2024-07-01,TOYOTA,Rosario,Puerta,65325.887843585384,18532.38049026172
2024-07-01,TOYOTA,TIERRA DEL FUEGO,Aleta/Ventilete,71558.73683393624,46491.10755729787
2024-07-01,TOYOTA,TIERRA DEL FUEGO,Custodia/Coleta,250934.43180097695,46491.107557297866
2024-07-01,TOYOTA,TIERRA DEL FUEGO,Luneta,376653.5843655025,74110.63589763189
2024-07-01,TOYOTA,TIERRA DEL FUEGO,Parabrisas,425856.827954779,103915.54673190265
2024-07-01,TOYOTA,TIERRA DEL FUEGO,Puerta,126437.20227790718,33248.02357978305
2024-07-01,VOLKSWAGEN,CABA,Aleta/Ventilete,44337.46874847061,23719.95283535606
2024-07-01,VOLKSWAGEN,CABA,Custodia/Coleta,57470.69412607371,23719.95283535606
2024-07-01,VOLKSWAGEN,CABA,Luneta,150094.93177894293,37684.7559459471
2024-07-01,VOLKSWAGEN,CABA,Parabrisas,204325.36591973557,53350.09854234951
2024-07-01,VOLKSWAGEN,CABA,Puerta,60109.710431673586,16963.277336624
2024-07-01,VOLKSWAGEN,CORD_TUC_STAFE,Aleta/Ventilete,41803.89910570086,25914.048472626488
2024-07-01,VOLKSWAGEN,CORD_TUC_STAFE,Custodia/Coleta,54186.65446172665,25914.04847262649
2024-07-01,VOLKSWAGEN,CORD_TUC_STAFE,Luneta,141518.07853443193,41170.5958709472
2024-07-01,VOLKSWAGEN,CORD_TUC_STAFE,Parabrisas,192649.6307243221,58284.98265751683
2024-07-01,VOLKSWAGEN,CORD_TUC_STAFE,Puerta,56674.869835577956,18532.38049026172
2024-07-01,VOLKSWAGEN,Rosario,Aleta/Ventilete,39270.32946293111,25914.048472626488
2024-07-01,VOLKSWAGEN,Rosario,Custodia/Coleta,50902.61479737958,25914.04847262649
2024-07-01,VOLKSWAGEN,Rosario,Luneta,132941.2252899209,41170.5958709472
2024-07-01,VOLKSWAGEN,Rosario,Parabrisas,180973.89552890864,58284.98265751683
2024-07-01,VOLKSWAGEN,Rosario,Puerta,53240.02923948232,18532.38049026172
2024-07-01,VOLKSWAGEN,TIERRA DEL FUEGO,Aleta/Ventilete,76007.08928309247,46491.10755729787
2024-07-01,VOLKSWAGEN,TIERRA DEL FUEGO,Custodia/Coleta,98521.18993041209,46491.10755729787
2024-07-01,VOLKSWAGEN,TIERRA DEL FUEGO,Luneta,257305.5973353308,73862.1216540563
2024-07-01,VOLKSWAGEN,TIERRA DEL FUEGO,Parabrisas,350272.0558624038,104566.19314300503
2024-07-01,VOLKSWAGEN,TIERRA DEL FUEGO,Puerta,103045.21788286901,33248.02357978305
2024-10-01,CHEVROLET,CABA,Aleta/Ventilete,45817.283184850014,26566.34717559879
2024-10-01,CHEVROLET,CABA,Custodia/Coleta,118227.6273373168,26566.34717559879
2024-10-01,CHEVROLET,CABA,Luneta,130446.25727396525,41744.666077395654
2024-10-01,CHEVROLET,CABA,Parabrisas,198575.09786923646,57906.424019939375
2024-10-01,CHEVROLET,CABA,Puerta,61454.38515393618,18998.87061701889
2024-10-01,CHEVROLET,CORD_TUC_STAFE,Aleta/Ventilete,43199.15271714431,29023.73428934168
2024-10-01,CHEVROLET,CORD_TUC_STAFE,Custodia/Coleta,111471.76291804152,29023.73428934168
2024-10-01,CHEVROLET,CORD_TUC_STAFE,Luneta,122992.18542973867,45606.047689554754
2024-10-01,CHEVROLET,CORD_TUC_STAFE,Parabrisas,187227.94941956582,63262.76824178377
2024-10-01,CHEVROLET,CORD_TUC_STAFE,Puerta,57942.706002282684,20756.26614909313
2024-10-01,CHEVROLET,Rosario,Aleta/Ventilete,40581.02224943859,29023.73428934168
2024-10-01,CHEVROLET,Rosario,Custodia/Coleta,104715.8984987663,29023.73428934168
2024-10-01,CHEVROLET,Rosario,Luneta,115538.11358551207,45606.047689554754
2024-10-01,CHEVROLET,Rosario,Parabrisas,175880.80096989518,63262.76824178377
2024-10-01,CHEVROLET,Rosario,Puerta,54431.02685062919,20756.26614909313
2024-10-01,CHEVROLET,TIERRA DEL FUEGO,Aleta/Ventilete,78543.91403117147,52070.04046417362
2024-10-01,CHEVROLET,TIERRA DEL FUEGO,Custodia/Coleta,202675.93257825734,52070.04046417362
2024-10-01,CHEVROLET,TIERRA DEL FUEGO,Luneta,223622.15532679757,81819.54551169547
2024-10-01,CHEVROLET,TIERRA DEL FUEGO,Parabrisas,340414.4534901196,113496.5910790812
2024-10-01,CHEVROLET,TIERRA DEL FUEGO,Puerta,105350.37454960488,37237.78640935702
2024-10-01,FIAT,CABA,Aleta/Ventilete,36203.212459817325,26566.34717559879
2024-10-01,FIAT,CABA,Custodia/Coleta,89544.50551273175,26566.347175598785
2024-10-01,FIAT,CABA,Luneta,130710.0103568723,38694.54875194603
2024-10-01,FIAT,CABA,Parabrisas,211133.516280596,58595.65144144698
2024-10-01,FIAT,CABA,Puerta,51244.86523029202,18998.87061701889
2024-10-01,FIAT,CORD_TUC_STAFE,Aleta/Ventilete,34134.45746211349,29023.73428934168
2024-10-01,FIAT,CORD_TUC_STAFE,Custodia/Coleta,84427.67662628993,29023.73428934168
2024-10-01,FIAT,CORD_TUC_STAFE,Luneta,123240.86690790819,42273.794511501044
2024-10-01,FIAT,CORD_TUC_STAFE,Parabrisas,199068.7439217048,64015.74919978082
2024-10-01,FIAT,CORD_TUC_STAFE,Puerta,48316.58721713248,20756.26614909313
2024-10-01,FIAT,Rosario,Aleta/Ventilete,32065.70246440964,29023.73428934168
2024-10-01,FIAT,Rosario,Custodia/Coleta,79310.8477398481,29023.73428934168
2024-10-01,FIAT,Rosario,Luneta,115771.72345894403,42273.794511501044
2024-10-01,FIAT,Rosario,Parabrisas,187003.9715628136,64015.74919978082
2024-10-01,FIAT,Rosario,Puerta,45388.30920397293,20756.26614909313
2024-10-01,FIAT,TIERRA DEL FUEGO,Aleta/Ventilete,62062.649931115426,52070.040464173624
2024-10-01,FIAT,TIERRA DEL FUEGO,Custodia/Coleta,153504.8665932544,52070.04046417362
2024-10-01,FIAT,TIERRA DEL FUEGO,Luneta,224074.30346892396,75841.31555381422
2024-10-01,FIAT,TIERRA DEL FUEGO,Parabrisas,361943.170766736,114847.47682523608
2024-10-01,FIAT,TIERRA DEL FUEGO,Puerta,87848.34039478633,37237.78640935702
2024-10-01,FORD,CABA,Aleta/Ventilete,46498.55305852915,26566.34717559879
2024-10-01,FORD,CABA,Custodia/Coleta,51380.391336469074,26566.34717559879
2024-10-01,FORD,CABA,Luneta,142320.74936496426,40667.11496346056
2024-10-01,FORD,CABA,Parabrisas,237334.7133310654,57941.40085415465
2024-10-01,FORD,CABA,Puerta,60752.371124713194,18998.87061701889
2024-10-01,FORD,CORD_TUC_STAFE,Aleta/Ventilete,43841.49288375606,29023.73428934168
2024-10-01,FORD,CORD_TUC_STAFE,Custodia/Coleta,48444.368974385136,29023.73428934168
2024-10-01,FORD,CORD_TUC_STAFE,Luneta,134188.13511553773,44428.82309758067
2024-10-01,FORD,CORD_TUC_STAFE,Parabrisas,223772.7297121474,63300.98043316396
2024-10-01,FORD,CORD_TUC_STAFE,Puerta,57280.807060443876,20756.26614909313
2024-10-01,FORD,Rosario,Aleta/Ventilete,41184.43270898297,29023.73428934168
2024-10-01,FORD,Rosario,Custodia/Coleta,45508.34661230118,29023.73428934168
2024-10-01,FORD,Rosario,Luneta,126055.5208661112,44428.82309758067
2024-10-01,FORD,Rosario,Parabrisas,210210.74609322933,63300.98043316396
2024-10-01,FORD,Rosario,Puerta,53809.242996174544,20756.26614909313
2024-10-01,FORD,TIERRA DEL FUEGO,Aleta/Ventilete,79711.80524319284,52070.04046417362
2024-10-01,FORD,TIERRA DEL FUEGO,Custodia/Coleta,88080.67086251843,52070.04046417362
2024-10-01,FORD,TIERRA DEL FUEGO,Luneta,243978.42748279587,79707.54532838271
2024-10-01,FORD,TIERRA DEL FUEGO,Parabrisas,406859.5085675407,113565.14567414313
2024-10-01,FORD,TIERRA DEL FUEGO,Puerta,104146.92192807977,37237.78640935702
2024-10-01,PEUGEOT,CABA,Aleta/Ventilete,138847.75726318278,26566.34717559879
2024-10-01,PEUGEOT,CABA,Custodia/Coleta,76474.40984851506,26566.34717559879
2024-10-01,PEUGEOT,CABA,Luneta,155057.4825642697,41558.4227547537
2024-10-01,PEUGEOT,CABA,Parabrisas,252882.9087272924,57788.45506178312
2024-10-01,PEUGEOT,CABA,Puerta,51948.41123446297,18998.87061701889
2024-10-01,PEUGEOT,CORD_TUC_STAFE,Aleta/Ventilete,138142.40780918274,29023.73428934168
2024-10-01,PEUGEOT,CORD_TUC_STAFE,Custodia/Coleta,72104.44357145707,29023.73428934168
2024-10-01,PEUGEOT,CORD_TUC_STAFE,Luneta,146197.0549891686,45402.57685956842
2024-10-01,PEUGEOT,CORD_TUC_STAFE,Parabrisas,238432.4568000186,63133.88715499806
2024-10-01,PEUGEOT,CORD_TUC_STAFE,Puerta,48979.930592493656,20756.26614909313
2024-10-01,PEUGEOT,Rosario,Aleta/Ventilete,137437.05835518267,29023.73428934168
2024-10-01,PEUGEOT,Rosario,Custodia/Coleta,67734.47729439907,29023.73428934168
2024-10-01,PEUGEOT,Rosario,Luneta,137336.62741406748,45402.57685956842
2024-10-01,PEUGEOT,Rosario,Parabrisas,223982.00487274473,63133.88715499806
2024-10-01,PEUGEOT,Rosario,Puerta,46011.44995052435,20756.26614909313
2024-10-01,PEUGEOT,TIERRA DEL FUEGO,Aleta/Ventilete,147664.62543818346,52070.040464173624
2024-10-01,PEUGEOT,TIERRA DEL FUEGO,Custodia/Coleta,131098.98831174013,52070.04046417362
2024-10-01,PEUGEOT,TIERRA DEL FUEGO,Luneta,265812.8272530338,81454.50859931725
2024-10-01,PEUGEOT,TIERRA DEL FUEGO,Parabrisas,433513.55781821563,113265.37192109493
2024-10-01,PEUGEOT,TIERRA DEL FUEGO,Puerta,89054.41925907937,37237.78640935702
2024-10-01,RENAULT,CABA,Aleta/Ventilete,48448.44391627756,26566.34717559879
2024-10-01,RENAULT,CABA,Custodia/Coleta,111005.23283448807,26566.34717559879
2024-10-01,RENAULT,CABA,Luneta,125929.57394668921,38106.97586537188
2024-10-01,RENAULT,CABA,Parabrisas,192051.75483375727,57049.55776743394
2024-10-01,RENAULT,CABA,Puerta,54408.78906267454,18998.87061701889
2024-10-01,RENAULT,CORD_TUC_STAFE,Aleta/Ventilete,45679.96140677598,29023.73428934168
2024-10-01,RENAULT,CORD_TUC_STAFE,Custodia/Coleta,104662.07667251733,29023.73428934168
2024-10-01,RENAULT,CORD_TUC_STAFE,Luneta,118733.59829259271,41631.87113291878
2024-10-01,RENAULT,CORD_TUC_STAFE,Parabrisas,181077.3688432569,62326.64186092158
2024-10-01,RENAULT,CORD_TUC_STAFE,Puerta,51299.715401950285,20756.26614909313
2024-10-01,RENAULT,Rosario,Aleta/Ventilete,42911.478897274406,29023.73428934168
2024-10-01,RENAULT,Rosario,Custodia/Coleta,98318.92051054657,29023.73428934168
2024-10-01,RENAULT,Rosario,Luneta,111537.62263849618,41631.87113291878
2024-10-01,RENAULT,Rosario,Parabrisas,170102.98285275648,62326.64186092158
2024-10-01,RENAULT,Rosario,Puerta,48190.64174122603,20756.26614909313
2024-10-01,RENAULT,TIERRA DEL FUEGO,Aleta/Ventilete,83054.47528504724,52070.04046417362
2024-10-01,RENAULT,TIERRA DEL FUEGO,Custodia/Coleta,190294.68485912235,52070.04046417362
2024-10-01,RENAULT,TIERRA DEL FUEGO,Luneta,215879.26962289578,74689.67269612888
2024-10-01,RENAULT,TIERRA DEL FUEGO,Parabrisas,329231.5797150125,111817.13322417052
2024-10-01,RENAULT,TIERRA DEL FUEGO,Puerta,93272.2098217278,37237.78640935702
2024-10-01,TOYOTA,CABA,Aleta/Ventilete,41275.96146908914,26998.013107133804
2024-10-01,TOYOTA,CABA,Custodia/Coleta,146378.41855056986,26566.347175598785
2024-10-01,TOYOTA,CABA,Luneta,221622.5492187235,41624.620584923694
2024-10-01,TOYOTA,CABA,Parabrisas,254006.52484906223,58012.65350213384
2024-10-01,TOYOTA,CABA,Puerta,74356.40155883321,19868.52206133572
2024-10-01,TOYOTA,CORD_TUC_STAFE,Aleta/Ventilete,38917.335099426906,29495.32931954368
2024-10-01,TOYOTA,CORD_TUC_STAFE,Custodia/Coleta,138013.93749053733,29023.734289341675
2024-10-01,TOYOTA,CORD_TUC_STAFE,Luneta,208958.4035490822,45474.89798902914
2024-10-01,TOYOTA,CORD_TUC_STAFE,Parabrisas,239491.8662862587,63378.82395108123
2024-10-01,TOYOTA,CORD_TUC_STAFE,Puerta,70107.46432689989,21706.360352009266
2024-10-01,TOYOTA,Rosario,Aleta/Ventilete,36558.708729764665,29495.32931954368
2024-10-01,TOYOTA,Rosario,Custodia/Coleta,129649.45643050474,29023.734289341675
2024-10-01,TOYOTA,Rosario,Luneta,196294.2578794408,45474.89798902914
2024-10-01,TOYOTA,Rosario,Parabrisas,224977.20772345513,63378.82395108123
2024-10-01,TOYOTA,Rosario,Puerta,65858.52709496656,21706.360352009266
2024-10-01,TOYOTA,TIERRA DEL FUEGO,Aleta/Ventilete,70758.7910898671,52916.10568998225
2024-10-01,TOYOTA,TIERRA DEL FUEGO,Custodia/Coleta,250934.43180097695,52070.04046417361
2024-10-01,TOYOTA,TIERRA DEL FUEGO,Luneta,379924.3700892403,81584.25634645043
2024-10-01,TOYOTA,TIERRA DEL FUEGO,Parabrisas,435439.75688410667,113704.80086418235
2024-10-01,TOYOTA,TIERRA DEL FUEGO,Puerta,127468.11695799978,38942.303240218
2024-10-01,VOLKSWAGEN,CABA,Aleta/Ventilete,44337.46874847061,26566.34717559879
2024-10-01,VOLKSWAGEN,CABA,Custodia/Coleta,56280.657593122465,27202.486443124075
2024-10-01,VOLKSWAGEN,CABA,Luneta,150978.03367252325,41453.23154054181
2024-10-01,VOLKSWAGEN,CABA,Parabrisas,209809.85898867325,58497.89236725731
2024-10-01,VOLKSWAGEN,CABA,Puerta,60473.43503356489,19219.703455688108
2024-10-01,VOLKSWAGEN,CORD_TUC_STAFE,Aleta/Ventilete,41803.89910570086,29023.73428934168
2024-10-01,VOLKSWAGEN,CORD_TUC_STAFE,Custodia/Coleta,53064.62001637262,29718.716439113057
2024-10-01,VOLKSWAGEN,CORD_TUC_STAFE,Luneta,142350.7174626648,45287.65545804193
2024-10-01,VOLKSWAGEN,CORD_TUC_STAFE,Parabrisas,197820.72418932052,63908.94741122862
2024-10-01,VOLKSWAGEN,CORD_TUC_STAFE,Puerta,57017.81017450404,20997.52602533925
2024-10-01,VOLKSWAGEN,Rosario,Aleta/Ventilete,39270.32946293111,29023.73428934168
2024-10-01,VOLKSWAGEN,Rosario,Custodia/Coleta,49848.58243962276,29718.716439113057
2024-10-01,VOLKSWAGEN,Rosario,Luneta,133723.4012528063,45287.65545804193
2024-10-01,VOLKSWAGEN,Rosario,Parabrisas,185831.58938996776,63908.94741122862
2024-10-01,VOLKSWAGEN,Rosario,Puerta,53562.185315443196,20997.52602533925
2024-10-01,VOLKSWAGEN,TIERRA DEL FUEGO,Aleta/Ventilete,76007.08928309247,52070.040464173624
2024-10-01,VOLKSWAGEN,TIERRA DEL FUEGO,Custodia/Coleta,96481.12730249566,53316.87342852318
2024-10-01,VOLKSWAGEN,TIERRA DEL FUEGO,Luneta,258819.48629575412,81248.33381946194
2024-10-01,VOLKSWAGEN,TIERRA DEL FUEGO,Parabrisas,359674.04398058273,114655.86903982433
2024-10-01,VOLKSWAGEN,TIERRA DEL FUEGO,Puerta,103668.74577182552,37670.618773148686
2025-01-01,CHEVROLET,CABA,Aleta/Ventilete,45817.283184850014,26566.34717559879
2025-01-01,CHEVROLET,CABA,Custodia/Coleta,118227.6273373168,26566.34717559879
2025-01-01,CHEVROLET,CABA,Luneta,130446.25727396525,41744.666077395654
2025-01-01,CHEVROLET,CABA,Parabrisas,198575.09786923646,57906.424019939375
2025-01-01,CHEVROLET,CABA,Puerta,61160.51726796121,18998.87061701889
2025-01-01,CHEVROLET,CORD_TUC_STAFE,Aleta/Ventilete,43199.15271714431,29023.73428934168
2025-01-01,CHEVROLET,CORD_TUC_STAFE,Custodia/Coleta,111471.76291804152,29023.73428934168
2025-01-01,CHEVROLET,CORD_TUC_STAFE,Luneta,122992.18542973867,45606.047689554754
2025-01-01,CHEVROLET,CORD_TUC_STAFE,Parabrisas,187227.94941956582,63262.76824178377
2025-01-01,CHEVROLET,CORD_TUC_STAFE,Puerta,57665.63056693486,20756.26614909313
2025-01-01,CHEVROLET,Rosario,Aleta/Ventilete,40581.02224943859,29023.73428934168
2025-01-01,CHEVROLET,Rosario,Custodia/Coleta,104715.8984987663,29023.73428934168
2025-01-01,CHEVROLET,Rosario,Luneta,115538.11358551207,45606.047689554754
2025-01-01,CHEVROLET,Rosario,Parabrisas,175880.80096989518,63262.76824178377
2025-01-01,CHEVROLET,Rosario,Puerta,54170.74386590851,20756.26614909313
2025-01-01,CHEVROLET,TIERRA DEL FUEGO,Aleta/Ventilete,78543.91403117147,52070.04046417362
2025-01-01,CHEVROLET,TIERRA DEL FUEGO,Custodia/Coleta,202675.93257825734,52070.04046417362
2025-01-01,CHEVROLET,TIERRA DEL FUEGO,Luneta,223622.15532679757,81819.54551169547
2025-01-01,CHEVROLET,TIERRA DEL FUEGO,Parabrisas,340414.4534901196,113496.5910790812
2025-01-01,CHEVROLET,TIERRA DEL FUEGO,Puerta,104846.60103079065,37237.78640935702
2025-01-01,FIAT,CABA,Aleta/Ventilete,41065.59729561796,26566.34717559879
2025-01-01,FIAT,CABA,Custodia/Coleta,89544.50551273175,26566.347175598785
2025-01-01,FIAT,CABA,Luneta,130710.0103568723,38694.54875194603
2025-01-01,FIAT,CABA,Parabrisas,211366.13610363298,58589.935291586786
2025-01-01,FIAT,CABA,Puerta,51981.36803580594,18998.87061701889
2025-01-01,FIAT,CORD_TUC_STAFE,Aleta/Ventilete,38718.99173586837,29023.73428934168
2025-01-01,FIAT,CORD_TUC_STAFE,Custodia/Coleta,84427.67662628993,29023.73428934168
2025-01-01,FIAT,CORD_TUC_STAFE,Luneta,123240.86690790819,42273.794511501044
2025-01-01,FIAT,CORD_TUC_STAFE,Parabrisas,199288.0711834254,64009.50430605856
2025-01-01,FIAT,CORD_TUC_STAFE,Puerta,49011.00414804561,20756.26614909313
2025-01-01,FIAT,Rosario,Aleta/Ventilete,36372.386176118765,29023.73428934168
2025-01-01,FIAT,Rosario,Custodia/Coleta,79310.8477398481,29023.73428934168
2025-01-01,FIAT,Rosario,Luneta,115771.72345894403,42273.794511501044
2025-01-01,FIAT,Rosario,Parabrisas,187210.0062632178,64009.50430605856
2025-01-01,FIAT,Rosario,Puerta,46040.64026028527,20756.26614909313
2025-01-01,FIAT,TIERRA DEL FUEGO,Aleta/Ventilete,70398.16679248794,52070.040464173624
2025-01-01,FIAT,TIERRA DEL FUEGO,Custodia/Coleta,153504.8665932544,52070.04046417362
2025-01-01,FIAT,TIERRA DEL FUEGO,Luneta,224074.30346892396,75841.31555381422
2025-01-01,FIAT,TIERRA DEL FUEGO,Parabrisas,362341.94760622794,114836.2731715101
2025-01-01,FIAT,TIERRA DEL FUEGO,Puerta,89110.9166328102,37237.78640935702
2025-01-01,FORD,CABA,Aleta/Ventilete,49166.94202545012,26566.34717559879
2025-01-01,FORD,CABA,Custodia/Coleta,51380.391336469074,26566.34717559879
2025-01-01,FORD,CABA,Luneta,142320.74936496426,40667.11496346056
2025-01-01,FORD,CABA,Parabrisas,237334.7133310654,57941.40085415465
2025-01-01,FORD,CABA,Puerta,60752.371124713194,18998.87061701889
2025-01-01,FORD,CORD_TUC_STAFE,Aleta/Ventilete,46357.402481138684,29023.73428934168
2025-01-01,FORD,CORD_TUC_STAFE,Custodia/Coleta,48444.368974385136,29023.73428934168
2025-01-01,FORD,CORD_TUC_STAFE,Luneta,134188.13511553773,44428.82309758067
2025-01-01,FORD,CORD_TUC_STAFE,Parabrisas,223772.7297121474,63300.98043316396
2025-01-01,FORD,CORD_TUC_STAFE,Puerta,57280.807060443876,20756.26614909313
2025-01-01,FORD,Rosario,Aleta/Ventilete,43547.862936827245,29023.73428934168
2025-01-01,FORD,Rosario,Custodia/Coleta,45508.34661230118,29023.73428934168
2025-01-01,FORD,Rosario,Luneta,126055.5208661112,44428.82309758067
2025-01-01,FORD,Rosario,Parabrisas,210210.74609322933,63300.98043316396
2025-01-01,FORD,Rosario,Puerta,53809.242996174544,20756.26614909313
2025-01-01,FORD,TIERRA DEL FUEGO,Aleta/Ventilete,84286.18632934307,52070.04046417362
2025-01-01,FORD,TIERRA DEL FUEGO,Custodia/Coleta,88080.67086251843,52070.04046417362
2025-01-01,FORD,TIERRA DEL FUEGO,Luneta,243978.42748279587,79707.54532838271
2025-01-01,FORD,TIERRA DEL FUEGO,Parabrisas,406859.5085675407,113565.14567414313
2025-01-01,FORD,TIERRA DEL FUEGO,Puerta,104146.92192807977,37237.78640935702
2025-01-01,PEUGEOT,CABA,Aleta/Ventilete,138847.75726318278,26566.34717559879
2025-01-01,PEUGEOT,CABA,Custodia/Coleta,76474.40984851506,26566.34717559879
2025-01-01,PEUGEOT,CABA,Luneta,155744.4653298315,41592.70382009954
2025-01-01,PEUGEOT,CABA,Parabrisas,253543.87627274627,57798.50186865906
2025-01-01,PEUGEOT,CABA,Puerta,51627.01449191387,18998.87061701889
2025-01-01,PEUGEOT,CORD_TUC_STAFE,Aleta/Ventilete,138142.40780918274,29023.73428934168
2025-01-01,PEUGEOT,CORD_TUC_STAFE,Custodia/Coleta,72104.44357145707,29023.73428934168
2025-01-01,PEUGEOT,CORD_TUC_STAFE,Luneta,146844.78159669827,45440.028923458754
2025-01-01,PEUGEOT,CORD_TUC_STAFE,Parabrisas,239055.6547714465,63144.86329151003
2025-01-01,PEUGEOT,CORD_TUC_STAFE,Puerta,48676.899378090224,20756.26614909313
2025-01-01,PEUGEOT,Rosario,Aleta/Ventilete,137437.05835518267,29023.73428934168
2025-01-01,PEUGEOT,Rosario,Custodia/Coleta,67734.47729439907,29023.73428934168
2025-01-01,PEUGEOT,Rosario,Luneta,137945.09786356505,45440.028923458754
2025-01-01,PEUGEOT,Rosario,Parabrisas,224567.4332701467,63144.86329151003
2025-01-01,PEUGEOT,Rosario,Puerta,45726.78426426657,20756.26614909313
2025-01-01,PEUGEOT,TIERRA DEL FUEGO,Aleta/Ventilete,147664.62543818346,52070.040464173624
2025-01-01,PEUGEOT,TIERRA DEL FUEGO,Custodia/Coleta,131098.98831174013,52070.04046417362
2025-01-01,PEUGEOT,TIERRA DEL FUEGO,Luneta,266990.5119939969,81521.69948739509
2025-01-01,PEUGEOT,TIERRA DEL FUEGO,Parabrisas,434646.6450389936,113285.06366257179
2025-01-01,PEUGEOT,TIERRA DEL FUEGO,Puerta,88503.45341470948,37237.78640935702
2025-01-01,RENAULT,CABA,Aleta/Ventilete,48448.44391627756,26566.34717559879
2025-01-01,RENAULT,CABA,Custodia/Coleta,111005.23283448807,26566.34717559879
2025-01-01,RENAULT,CABA,Luneta,125942.12448946653,38198.87829701907
2025-01-01,RENAULT,CABA,Parabrisas,192549.225586528,57066.561232215194
2025-01-01,RENAULT,CABA,Puerta,55097.15303410916,18998.87061701889
2025-01-01,RENAULT,CORD_TUC_STAFE,Aleta/Ventilete,45679.96140677598,29023.73428934168
2025-01-01,RENAULT,CORD_TUC_STAFE,Custodia/Coleta,104662.07667251733,29023.73428934168
2025-01-01,RENAULT,CORD_TUC_STAFE,Luneta,118745.43166149703,41732.274539493344
2025-01-01,RENAULT,CORD_TUC_STAFE,Parabrisas,181546.41269586928,62345.218146195104
2025-01-01,RENAULT,CORD_TUC_STAFE,Puerta,51948.74428930293,20756.26614909313
2025-01-01,RENAULT,Rosario,Aleta/Ventilete,42911.478897274406,29023.73428934168
2025-01-01,RENAULT,Rosario,Custodia/Coleta,98318.92051054657,29023.73428934168
2025-01-01,RENAULT,Rosario,Luneta,111548.7388335275,41732.274539493344
2025-01-01,RENAULT,Rosario,Parabrisas,170543.59980521054,62345.218146195104
2025-01-01,RENAULT,Rosario,Puerta,48800.33554449668,20756.26614909313
2025-01-01,RENAULT,TIERRA DEL FUEGO,Aleta/Ventilete,83054.47528504724,52070.04046417362
2025-01-01,RENAULT,TIERRA DEL FUEGO,Custodia/Coleta,190294.68485912235,52070.04046417362
2025-01-01,RENAULT,TIERRA DEL FUEGO,Luneta,215900.78483908545,74869.80146215738
2025-01-01,RENAULT,TIERRA DEL FUEGO,Parabrisas,330084.3867197623,111850.46001514181
2025-01-01,RENAULT,TIERRA DEL FUEGO,Puerta,94452.26234418714,37237.78640935702
2025-01-01,TOYOTA,CABA,Aleta/Ventilete,41275.96146908914,26998.013107133804
2025-01-01,TOYOTA,CABA,Custodia/Coleta,146378.41855056986,26566.347175598785
2025-01-01,TOYOTA,CABA,Luneta,221622.5492187235,41624.620584923694
2025-01-01,TOYOTA,CABA,Parabrisas,253851.97038393913,58014.3841734119
2025-01-01,TOYOTA,CABA,Puerta,74708.58180831713,19860.893539894343
2025-01-01,TOYOTA,CORD_TUC_STAFE,Aleta/Ventilete,38917.335099426906,29495.32931954368
2025-01-01,TOYOTA,CORD_TUC_STAFE,Custodia/Coleta,138013.93749053733,29023.734289341675
2025-01-01,TOYOTA,CORD_TUC_STAFE,Luneta,208958.4035490822,45474.89798902914
2025-01-01,TOYOTA,CORD_TUC_STAFE,Parabrisas,239346.14350485694,63380.7147094525
2025-01-01,TOYOTA,CORD_TUC_STAFE,Puerta,70439.51999069902,21698.026192334568
2025-01-01,TOYOTA,Rosario,Aleta/Ventilete,36558.708729764665,29495.32931954368
2025-01-01,TOYOTA,Rosario,Custodia/Coleta,129649.45643050474,29023.734289341675
2025-01-01,TOYOTA,Rosario,Luneta,196294.2578794408,45474.89798902914
2025-01-01,TOYOTA,Rosario,Parabrisas,224840.31662577466,63380.7147094525
2025-01-01,TOYOTA,Rosario,Puerta,66170.45817308089,21698.026192334568
2025-01-01,TOYOTA,TIERRA DEL FUEGO,Aleta/Ventilete,70758.7910898671,52916.10568998225
2025-01-01,TOYOTA,TIERRA DEL FUEGO,Custodia/Coleta,250934.43180097695,52070.04046417361
2025-01-01,TOYOTA,TIERRA DEL FUEGO,Luneta,379924.3700892403,81584.25634645043
2025-01-01,TOYOTA,TIERRA DEL FUEGO,Parabrisas,435174.8063724671,113708.19297988735
2025-01-01,TOYOTA,TIERRA DEL FUEGO,Puerta,128071.85452854366,38927.35133819291
2025-01-01,VOLKSWAGEN,CABA,Aleta/Ventilete,44337.46874847061,26566.34717559879
2025-01-01,VOLKSWAGEN,CABA,Custodia/Coleta,56280.657593122465,27202.486443124075
2025-01-01,VOLKSWAGEN,CABA,Luneta,151020.67364992155,41467.624257351206
2025-01-01,VOLKSWAGEN,CABA,Parabrisas,214562.87742318356,58626.90875987197
2025-01-01,VOLKSWAGEN,CABA,Puerta,60473.43503356489,19219.703455688108
2025-01-01,VOLKSWAGEN,CORD_TUC_STAFE,Aleta/Ventilete,41803.89910570086,29023.73428934168
2025-01-01,VOLKSWAGEN,CORD_TUC_STAFE,Custodia/Coleta,53064.62001637262,29718.716439113057
2025-01-01,VOLKSWAGEN,CORD_TUC_STAFE,Luneta,142390.92086992608,45303.3795011562
2025-01-01,VOLKSWAGEN,CORD_TUC_STAFE,Parabrisas,202302.14157043025,64049.897820160135
2025-01-01,VOLKSWAGEN,CORD_TUC_STAFE,Puerta,57017.81017450404,20997.52602533925
2025-01-01,VOLKSWAGEN,Rosario,Aleta/Ventilete,39270.32946293111,29023.73428934168
2025-01-01,VOLKSWAGEN,Rosario,Custodia/Coleta,49848.58243962276,29718.716439113057
2025-01-01,VOLKSWAGEN,Rosario,Luneta,133761.16808993055,45303.3795011562
2025-01-01,VOLKSWAGEN,Rosario,Parabrisas,190041.40571767688,64049.897820160135
2025-01-01,VOLKSWAGEN,Rosario,Puerta,53562.185315443196,20997.52602533925
2025-01-01,VOLKSWAGEN,TIERRA DEL FUEGO,Aleta/Ventilete,76007.08928309247,52070.040464173624
2025-01-01,VOLKSWAGEN,TIERRA DEL FUEGO,Custodia/Coleta,96481.12730249566,53316.87342852318
2025-01-01,VOLKSWAGEN,TIERRA DEL FUEGO,Luneta,258892.58339986557,81276.54354440836
2025-01-01,VOLKSWAGEN,TIERRA DEL FUEGO,Parabrisas,367822.0755826004,114908.74116934907
2025-01-01,VOLKSWAGEN,TIERRA DEL FUEGO,Puerta,103668.74577182552,37670.618773148686
2025-04-01,CHEVROLET,CABA,Aleta/Ventilete,45570.52832171634,28957.31842140268
2025-04-01,CHEVROLET,CABA,Custodia/Coleta,121774.45615743627,28957.318421402684
2025-04-01,CHEVROLET,CABA,Luneta,136744.24429416447,45526.12813719242
2025-04-01,CHEVROLET,CABA,Parabrisas,207583.62192635334,63123.566006154666
2025-04-01,CHEVROLET,CABA,Puerta,64039.99506300721,20708.76897255059
2025-04-01,CHEVROLET,CORD_TUC_STAFE,Aleta/Ventilete,42966.49813190397,31635.87037538243
2025-04-01,CHEVROLET,CORD_TUC_STAFE,Custodia/Coleta,114815.91580558279,31635.870375382434
2025-04-01,CHEVROLET,CORD_TUC_STAFE,Luneta,128930.28747735507,49737.29498988273
2025-04-01,CHEVROLET,CORD_TUC_STAFE,Parabrisas,195721.7006734189,68962.49586172398
2025-04-01,CHEVROLET,CORD_TUC_STAFE,Puerta,60380.56677369252,22624.33010251152
2025-04-01,CHEVROLET,Rosario,Aleta/Ventilete,40362.46794209161,31635.87037538243
2025-04-01,CHEVROLET,Rosario,Custodia/Coleta,107857.37545372928,31635.870375382434
2025-04-01,CHEVROLET,Rosario,Luneta,121116.33066054566,49737.29498988273
2025-04-01,CHEVROLET,Rosario,Parabrisas,183859.7794204844,68962.49586172398
2025-04-01,CHEVROLET,Rosario,Puerta,56721.13848437781,22624.33010251152
2025-04-01,CHEVROLET,TIERRA DEL FUEGO,Aleta/Ventilete,78120.90569437086,56756.34410594925
2025-04-01,CHEVROLET,TIERRA DEL FUEGO,Custodia/Coleta,208756.21055560504,56756.34410594925
2025-04-01,CHEVROLET,TIERRA DEL FUEGO,Luneta,234418.70450428192,89231.21114889716
2025-04-01,CHEVROLET,TIERRA DEL FUEGO,Parabrisas,355857.6375880343,123722.18937206313
2025-04-01,CHEVROLET,TIERRA DEL FUEGO,Puerta,109782.84867944094,40589.18718619915
2025-04-01,FIAT,CABA,Aleta/Ventilete,42035.089629313945,28957.31842140268
2025-04-01,FIAT,CABA,Custodia/Coleta,94192.27380902425,28957.318421402684
2025-04-01,FIAT,CABA,Luneta,134631.31066757848,42177.058139621164
2025-04-01,FIAT,CABA,Parabrisas,221934.44289199502,63863.029467829605
2025-04-01,FIAT,CABA,Puerta,52845.50786328955,20708.76897255059
2025-04-01,FIAT,CORD_TUC_STAFE,Aleta/Ventilete,39633.084507638865,31635.87037538243
2025-04-01,FIAT,CORD_TUC_STAFE,Custodia/Coleta,88809.8581627943,31635.87037538243
2025-04-01,FIAT,CORD_TUC_STAFE,Luneta,126938.09291514542,46078.43601753613
2025-04-01,FIAT,CORD_TUC_STAFE,Parabrisas,209252.47472673818,69770.35969360384
2025-04-01,FIAT,CORD_TUC_STAFE,Puerta,49825.76455681587,22624.33010251152
2025-04-01,FIAT,Rosario,Aleta/Ventilete,37231.079385963785,31635.87037538243
2025-04-01,FIAT,Rosario,Custodia/Coleta,83427.44251656436,31635.87037538243
2025-04-01,FIAT,Rosario,Luneta,119244.87516271237,46078.43601753613
2025-04-01,FIAT,Rosario,Parabrisas,196570.5065614813,69770.35969360384
2025-04-01,FIAT,Rosario,Puerta,46806.02125034218,22624.33010251152
2025-04-01,FIAT,TIERRA DEL FUEGO,Aleta/Ventilete,72060.15365025248,56756.34410594925
2025-04-01,FIAT,TIERRA DEL FUEGO,Custodia/Coleta,161472.46938689874,56756.344105949254
2025-04-01,FIAT,TIERRA DEL FUEGO,Luneta,230796.53257299168,82667.03395365749
2025-04-01,FIAT,TIERRA DEL FUEGO,Parabrisas,380459.0449577057,125171.537756946
2025-04-01,FIAT,TIERRA DEL FUEGO,Puerta,90592.29919421067,40589.18718619915
2025-04-01,FORD,CABA,Aleta/Ventilete,48025.70348224948,28957.31842140268
2025-04-01,FORD,CABA,Custodia/Coleta,51993.26634140245,28957.31842140268
2025-04-01,FORD,CABA,Luneta,153086.5782173092,44362.55502257315
2025-04-01,FORD,CABA,Parabrisas,249201.4489976187,63156.12693102857
2025-04-01,FORD,CABA,Puerta,61512.45210269366,20708.76897255059
2025-04-01,FORD,CORD_TUC_STAFE,Aleta/Ventilete,45281.37756897809,31635.87037538243
2025-04-01,FORD,CORD_TUC_STAFE,Custodia/Coleta,49022.22255046517,31635.870375382427
2025-04-01,FORD,CORD_TUC_STAFE,Luneta,144338.7737477487,48466.09136216117
2025-04-01,FORD,CORD_TUC_STAFE,Parabrisas,234961.36619775477,68998.06867214873
2025-04-01,FORD,CORD_TUC_STAFE,Puerta,57997.45483968261,22624.33010251152
2025-04-01,FORD,Rosario,Aleta/Ventilete,42537.05165570669,31635.87037538243
2025-04-01,FORD,Rosario,Custodia/Coleta,46051.17875952789,31635.870375382427
2025-04-01,FORD,Rosario,Luneta,135590.96927818813,48466.09136216117
2025-04-01,FORD,Rosario,Parabrisas,220721.28339789083,68998.06867214873
2025-04-01,FORD,Rosario,Puerta,54482.457576671535,22624.33010251152
2025-04-01,FORD,TIERRA DEL FUEGO,Aleta/Ventilete,82329.77739814197,56756.34410594925
2025-04-01,FORD,TIERRA DEL FUEGO,Custodia/Coleta,89131.31372811849,56756.34410594925
2025-04-01,FORD,TIERRA DEL FUEGO,Luneta,262434.13408681576,86950.60784424338
2025-04-01,FORD,TIERRA DEL FUEGO,Parabrisas,427202.4839959177,123786.00878481599
2025-04-01,FORD,TIERRA DEL FUEGO,Puerta,105449.917890332,40589.18718619915
2025-04-01,PEUGEOT,CABA,Aleta/Ventilete,131838.40606118127,28957.31842140268
2025-04-01,PEUGEOT,CABA,Custodia/Coleta,78768.6421439705,28957.31842140268
2025-04-01,PEUGEOT,CABA,Luneta,160416.79928972645,45336.047163908486
2025-04-01,PEUGEOT,CABA,Parabrisas,265738.6026555955,63301.50242898218
2025-04-01,PEUGEOT,CABA,Puerta,53104.26357384298,20708.76897255059
2025-04-01,PEUGEOT,CORD_TUC_STAFE,Aleta/Ventilete,130727.30087939004,31635.87037538243
2025-04-01,PEUGEOT,CORD_TUC_STAFE,Custodia/Coleta,74267.57687860078,31635.87037538243
2025-04-01,PEUGEOT,CORD_TUC_STAFE,Luneta,151250.12504459923,49529.631526570025
2025-04-01,PEUGEOT,CORD_TUC_STAFE,Parabrisas,250553.53964670436,69156.89140366303
2025-04-01,PEUGEOT,CORD_TUC_STAFE,Puerta,50069.734226766246,22624.33010251152
2025-04-01,PEUGEOT,Rosario,Aleta/Ventilete,129616.1956975988,31635.87037538243
2025-04-01,PEUGEOT,Rosario,Custodia/Coleta,69766.51161323104,31635.87037538243
2025-04-01,PEUGEOT,Rosario,Luneta,142083.45079947202,49529.631526570025
2025-04-01,PEUGEOT,Rosario,Parabrisas,235368.47663781318,69156.89140366303
2025-04-01,PEUGEOT,Rosario,Puerta,47035.2048796895,22624.33010251152
2025-04-01,PEUGEOT,TIERRA DEL FUEGO,Aleta/Ventilete,145727.2208335718,56756.34410594925
2025-04-01,PEUGEOT,TIERRA DEL FUEGO,Custodia/Coleta,135031.95796109232,56756.34410594925
2025-04-01,PEUGEOT,TIERRA DEL FUEGO,Luneta,275000.2273538168,88858.65244126065
2025-04-01,PEUGEOT,TIERRA DEL FUEGO,Parabrisas,455551.89026673516,124070.94476080505
2025-04-01,PEUGEOT,TIERRA DEL FUEGO,Puerta,91035.88041230224,40589.18718619915
2025-04-01,RENAULT,CABA,Aleta/Ventilete,49901.89723376588,28957.31842140268
2025-04-01,RENAULT,CABA,Custodia/Coleta,114335.38981952271,28957.31842140268
2025-04-01,RENAULT,CABA,Luneta,129720.38822415052,41636.777343750786
2025-04-01,RENAULT,CABA,Parabrisas,202035.9560712392,62237.82570505273
2025-04-01,RENAULT,CABA,Puerta,56965.053313490534,20708.76897255059
2025-04-01,RENAULT,CORD_TUC_STAFE,Aleta/Ventilete,47050.360248979254,31635.870375382434
2025-04-01,RENAULT,CORD_TUC_STAFE,Custodia/Coleta,107801.93897269285,31635.87037538243
2025-04-01,RENAULT,CORD_TUC_STAFE,Luneta,122307.79461134195,45488.17924804774
2025-04-01,RENAULT,CORD_TUC_STAFE,Parabrisas,190491.04429573982,67994.82458277012
2025-04-01,RENAULT,CORD_TUC_STAFE,Puerta,53709.907409862506,22624.33010251152
2025-04-01,RENAULT,Rosario,Aleta/Ventilete,44198.823264192644,31635.870375382434
2025-04-01,RENAULT,Rosario,Custodia/Coleta,101268.48812586299,31635.87037538243
2025-04-01,RENAULT,Rosario,Luneta,114895.20099853333,45488.17924804774
2025-04-01,RENAULT,Rosario,Parabrisas,178946.13252024047,67994.82458277012
2025-04-01,RENAULT,Rosario,Puerta,50454.76150623448,22624.33010251152
2025-04-01,RENAULT,TIERRA DEL FUEGO,Aleta/Ventilete,85546.10954359865,56756.34410594925
2025-04-01,RENAULT,TIERRA DEL FUEGO,Custodia/Coleta,196003.52540489606,56756.34410594925
2025-04-01,RENAULT,TIERRA DEL FUEGO,Luneta,222377.80838425807,81608.08359375155
2025-04-01,RENAULT,TIERRA DEL FUEGO,Parabrisas,346347.3532649815,121986.13838190335
2025-04-01,RENAULT,TIERRA DEL FUEGO,Puerta,97654.37710884091,40589.18718619915
2025-04-01,TOYOTA,CABA,Aleta/Ventilete,42514.24031316181,28957.31842140268
2025-04-01,TOYOTA,CABA,Custodia/Coleta,150769.77110708697,28957.31842140268
2025-04-01,TOYOTA,CABA,Luneta,228271.22569528522,45370.83643756682
2025-04-01,TOYOTA,CABA,Parabrisas,269435.1507502172,63560.35438128309
2025-04-01,TOYOTA,CABA,Puerta,76949.83927572174,20708.76897255059
2025-04-01,TOYOTA,CORD_TUC_STAFE,Aleta/Ventilete,40084.85515240971,31635.87037538243
2025-04-01,TOYOTA,CORD_TUC_STAFE,Custodia/Coleta,142154.35561525344,31635.870375382427
2025-04-01,TOYOTA,CORD_TUC_STAFE,Luneta,215227.15565555467,49567.63880804175
2025-04-01,TOYOTA,CORD_TUC_STAFE,Parabrisas,254038.85642163336,69439.68716155179
2025-04-01,TOYOTA,CORD_TUC_STAFE,Puerta,72552.70560282335,22624.33010251152
2025-04-01,TOYOTA,Rosario,Aleta/Ventilete,37655.46999165761,31635.87037538243
2025-04-01,TOYOTA,Rosario,Custodia/Coleta,133538.94012341992,31635.870375382427
2025-04-01,TOYOTA,Rosario,Luneta,202183.08561582403,49567.63880804175
2025-04-01,TOYOTA,Rosario,Parabrisas,238642.5620930495,69439.68716155179
2025-04-01,TOYOTA,Rosario,Puerta,68155.57192992496,22624.33010251152
2025-04-01,TOYOTA,TIERRA DEL FUEGO,Aleta/Ventilete,72881.5548225631,56756.34410594924
2025-04-01,TOYOTA,TIERRA DEL FUEGO,Custodia/Coleta,258462.46475500622,56756.34410594925
2025-04-01,TOYOTA,TIERRA DEL FUEGO,Luneta,391322.1011919175,88926.83941763098
2025-04-01,TOYOTA,TIERRA DEL FUEGO,Parabrisas,461888.8298575152,124578.29458731484
2025-04-01,TOYOTA,TIERRA DEL FUEGO,Puerta,131914.01018695155,40589.18718619915
2025-04-01,VOLKSWAGEN,CABA,Aleta/Ventilete,45667.592810924725,28957.31842140268
2025-04-01,VOLKSWAGEN,CABA,Custodia/Coleta,57969.077320916134,28957.318421402684
2025-04-01,VOLKSWAGEN,CABA,Luneta,155551.2938907395,45199.71044051281
2025-04-01,VOLKSWAGEN,CABA,Parabrisas,223872.29558539012,64088.5287097585
2025-04-01,VOLKSWAGEN,CABA,Puerta,62122.21542809395,20708.76897255059
2025-04-01,VOLKSWAGEN,CORD_TUC_STAFE,Aleta/Ventilete,43058.01607887189,31635.870375382427
2025-04-01,VOLKSWAGEN,CORD_TUC_STAFE,Custodia/Coleta,54656.5586168638,31635.870375382434
2025-04-01,VOLKSWAGEN,CORD_TUC_STAFE,Luneta,146662.64852555442,49380.683656260255
2025-04-01,VOLKSWAGEN,CORD_TUC_STAFE,Parabrisas,211079.5929805107,70016.71761541117
2025-04-01,VOLKSWAGEN,CORD_TUC_STAFE,Puerta,58572.374546488594,22624.33010251152
2025-04-01,VOLKSWAGEN,Rosario,Aleta/Ventilete,40448.43934681905,31635.870375382427
2025-04-01,VOLKSWAGEN,Rosario,Custodia/Coleta,51344.039912811444,31635.870375382434
2025-04-01,VOLKSWAGEN,Rosario,Luneta,137774.0031603693,49380.683656260255
2025-04-01,VOLKSWAGEN,Rosario,Parabrisas,198286.89037563125,70016.71761541117
2025-04-01,VOLKSWAGEN,Rosario,Puerta,55022.53366488322,22624.33010251152
2025-04-01,VOLKSWAGEN,TIERRA DEL FUEGO,Aleta/Ventilete,78287.30196158524,56756.34410594925
2025-04-01,VOLKSWAGEN,TIERRA DEL FUEGO,Custodia/Coleta,99375.56112157053,56756.34410594925
2025-04-01,VOLKSWAGEN,TIERRA DEL FUEGO,Luneta,266659.3609555535,88591.43246340513
2025-04-01,VOLKSWAGEN,TIERRA DEL FUEGO,Parabrisas,383781.0781463831,125613.51627112665
2025-04-01,VOLKSWAGEN,TIERRA DEL FUEGO,Puerta,106495.22644816106,40589.18718619915
2025-08-01,CHEVROLET,CABA,Aleta/Ventilete,44119.91531658233,28957.318421402684
2025-08-01,CHEVROLET,CABA,Custodia/Coleta,121774.45615743627,28957.318421402684
2025-08-01,CHEVROLET,CABA,Luneta,136744.24429416447,45526.12813719242
2025-08-01,CHEVROLET,CABA,Parabrisas,209032.09604611597,63133.71177336219
2025-08-01,CHEVROLET,CABA,Puerta,63968.611757101615,20708.76897255059
2025-08-01,CHEVROLET,CORD_TUC_STAFE,Aleta/Ventilete,41598.77729849191,31635.870375382434
2025-08-01,CHEVROLET,CORD_TUC_STAFE,Custodia/Coleta,114815.91580558279,31635.870375382434
2025-08-01,CHEVROLET,CORD_TUC_STAFE,Luneta,128930.28747735507,49737.29498988273
2025-08-01,CHEVROLET,CORD_TUC_STAFE,Parabrisas,197087.4048434808,68973.5801123982
2025-08-01,CHEVROLET,CORD_TUC_STAFE,Puerta,60313.262513838665,22624.33010251152
2025-08-01,CHEVROLET,Rosario,Aleta/Ventilete,39077.63928040149,31635.870375382434
2025-08-01,CHEVROLET,Rosario,Custodia/Coleta,107857.37545372928,31635.870375382434
2025-08-01,CHEVROLET,Rosario,Luneta,121116.33066054566,49737.29498988273
2025-08-01,CHEVROLET,Rosario,Parabrisas,185142.71364084558,68973.5801123982
2025-08-01,CHEVROLET,Rosario,Puerta,56657.91327057572,22624.33010251152
2025-08-01,CHEVROLET,TIERRA DEL FUEGO,Aleta/Ventilete,75634.14054271256,56756.34410594925
2025-08-01,CHEVROLET,TIERRA DEL FUEGO,Custodia/Coleta,208756.21055560504,56756.34410594925
2025-08-01,CHEVROLET,TIERRA DEL FUEGO,Luneta,234418.70450428192,89231.21114889716
2025-08-01,CHEVROLET,TIERRA DEL FUEGO,Parabrisas,358340.736079056,123742.07507578986
2025-08-01,CHEVROLET,TIERRA DEL FUEGO,Puerta,109660.47729788849,40589.18718619915
2025-08-01,FIAT,CABA,Aleta/Ventilete,41792.056680080095,28957.31842140268
2025-08-01,FIAT,CABA,Custodia/Coleta,94192.27380902425,28957.318421402684
2025-08-01,FIAT,CABA,Luneta,134483.80616270733,42244.28202312787
2025-08-01,FIAT,CABA,Parabrisas,222385.69352446403,64181.618536830276
2025-08-01,FIAT,CABA,Puerta,52845.50786328955,20708.76897255059
2025-08-01,FIAT,CORD_TUC_STAFE,Aleta/Ventilete,39403.93915550409,31635.87037538243
2025-08-01,FIAT,CORD_TUC_STAFE,Custodia/Coleta,88809.8581627943,31635.87037538243
2025-08-01,FIAT,CORD_TUC_STAFE,Luneta,126799.01723912406,46151.8781102672
2025-08-01,FIAT,CORD_TUC_STAFE,Parabrisas,209677.93960878038,70118.41825148708
2025-08-01,FIAT,CORD_TUC_STAFE,Puerta,49825.76455681587,22624.33010251152
2025-08-01,FIAT,Rosario,Aleta/Ventilete,37015.82163092809,31635.87037538243
2025-08-01,FIAT,Rosario,Custodia/Coleta,83427.44251656436,31635.87037538243
2025-08-01,FIAT,Rosario,Luneta,119114.22831554078,46151.8781102672
2025-08-01,FIAT,Rosario,Parabrisas,196970.18569309672,70118.41825148708
2025-08-01,FIAT,Rosario,Puerta,46806.02125034218,22624.33010251152
2025-08-01,FIAT,TIERRA DEL FUEGO,Aleta/Ventilete,71643.52573728016,56756.34410594925
2025-08-01,FIAT,TIERRA DEL FUEGO,Custodia/Coleta,161472.46938689874,56756.344105949254
2025-08-01,FIAT,TIERRA DEL FUEGO,Luneta,230543.6677074983,82798.79276533063
2025-08-01,FIAT,TIERRA DEL FUEGO,Parabrisas,381232.6174705098,125795.97233218732
2025-08-01,FIAT,TIERRA DEL FUEGO,Puerta,90592.29919421067,40589.18718619915
2025-08-01,FORD,CABA,Aleta/Ventilete,48025.70348224948,28957.31842140268
2025-08-01,FORD,CABA,Custodia/Coleta,51993.26634140245,28957.31842140268
2025-08-01,FORD,CABA,Luneta,152234.1492469911,44429.75447662275
2025-08-01,FORD,CABA,Parabrisas,248392.964841455,63470.78499131043
2025-08-01,FORD,CABA,Puerta,61414.7657332231,20708.76897255059
2025-08-01,FORD,CORD_TUC_STAFE,Aleta/Ventilete,45281.37756897809,31635.87037538243
2025-08-01,FORD,CORD_TUC_STAFE,Custodia/Coleta,49022.22255046517,31635.870375382427
2025-08-01,FORD,CORD_TUC_STAFE,Luneta,143535.05500430588,48539.506765710365
2025-08-01,FORD,CORD_TUC_STAFE,Parabrisas,234199.081136229,69341.83260300665
2025-08-01,FORD,CORD_TUC_STAFE,Puerta,57905.350548467504,22624.33010251152
2025-08-01,FORD,Rosario,Aleta/Ventilete,42537.05165570669,31635.87037538243
2025-08-01,FORD,Rosario,Custodia/Coleta,46051.17875952789,31635.870375382427
2025-08-01,FORD,Rosario,Luneta,134835.9607616207,48539.506765710365
2025-08-01,FORD,Rosario,Parabrisas,220005.197431003,69341.83260300665
2025-08-01,FORD,Rosario,Puerta,54395.93536371189,22624.33010251152
2025-08-01,FORD,TIERRA DEL FUEGO,Aleta/Ventilete,82329.77739814197,56756.34410594925
2025-08-01,FORD,TIERRA DEL FUEGO,Custodia/Coleta,89131.31372811849,56756.34410594925
2025-08-01,FORD,TIERRA DEL FUEGO,Luneta,260972.82728055614,87082.31877418062
2025-08-01,FORD,TIERRA DEL FUEGO,Parabrisas,425816.51115678006,124402.73858296844
2025-08-01,FORD,TIERRA DEL FUEGO,Puerta,105282.45554266816,40589.18718619915
2025-08-01,PEUGEOT,CABA,Aleta/Ventilete,121788.16964406686,28957.31842140268
2025-08-01,PEUGEOT,CABA,Custodia/Coleta,86204.3118810196,28957.31842140268
2025-08-01,PEUGEOT,CABA,Luneta,161395.92700427168,45370.83653470601
2025-08-01,PEUGEOT,CABA,Parabrisas,265141.2243709568,63301.40827462228
2025-08-01,PEUGEOT,CABA,Puerta,52804.499988665826,20708.76897255059
2025-08-01,PEUGEOT,CORD_TUC_STAFE,Aleta/Ventilete,120395.02794988343,31635.87037538243
2025-08-01,PEUGEOT,CORD_TUC_STAFE,Custodia/Coleta,81278.35120210423,31635.870375382434
2025-08-01,PEUGEOT,CORD_TUC_STAFE,Luneta,152173.30260402762,49567.638914166324
2025-08-01,PEUGEOT,CORD_TUC_STAFE,Parabrisas,249990.29726404502,69156.78854002483
2025-08-01,PEUGEOT,CORD_TUC_STAFE,Puerta,49787.0999893135,22624.330102511518
2025-08-01,PEUGEOT,Rosario,Aleta/Ventilete,119001.88625569998,31635.87037538243
2025-08-01,PEUGEOT,Rosario,Custodia/Coleta,76352.39052318882,31635.870375382434
2025-08-01,PEUGEOT,Rosario,Luneta,142950.67820378352,49567.638914166324
2025-08-01,PEUGEOT,Rosario,Parabrisas,234839.37015713318,69156.78854002483
2025-08-01,PEUGEOT,Rosario,Puerta,46769.69998996117,22624.330102511518
2025-08-01,PEUGEOT,TIERRA DEL FUEGO,Aleta/Ventilete,139202.4408213599,56756.34410594925
2025-08-01,PEUGEOT,TIERRA DEL FUEGO,Custodia/Coleta,147778.8203674622,56756.34410594925
2025-08-01,PEUGEOT,TIERRA DEL FUEGO,Luneta,276678.7320073229,88926.83960802379
2025-08-01,PEUGEOT,TIERRA DEL FUEGO,Parabrisas,454527.8132073545,124070.76021825966
2025-08-01,PEUGEOT,TIERRA DEL FUEGO,Puerta,90521.99998057,40589.18718619915
2025-08-01,RENAULT,CABA,Aleta/Ventilete,49901.89723376588,28957.31842140268
2025-08-01,RENAULT,CABA,Custodia/Coleta,114335.38981952271,28957.31842140268
2025-08-01,RENAULT,CABA,Luneta,129720.38822415052,41636.777343750786
2025-08-01,RENAULT,CABA,Parabrisas,207056.07203309945,62813.142925684784
2025-08-01,RENAULT,CABA,Puerta,57087.32551798286,20708.76897255059
2025-08-01,RENAULT,CORD_TUC_STAFE,Aleta/Ventilete,47050.360248979254,31635.870375382434
2025-08-01,RENAULT,CORD_TUC_STAFE,Custodia/Coleta,107801.93897269285,31635.87037538243
2025-08-01,RENAULT,CORD_TUC_STAFE,Luneta,122307.79461134195,45488.17924804774
2025-08-01,RENAULT,CORD_TUC_STAFE,Parabrisas,195224.29648835093,68623.35864631063
2025-08-01,RENAULT,CORD_TUC_STAFE,Puerta,53825.192631240985,22624.33010251152
2025-08-01,RENAULT,Rosario,Aleta/Ventilete,44198.823264192644,31635.870375382434
2025-08-01,RENAULT,Rosario,Custodia/Coleta,101268.48812586299,31635.87037538243
2025-08-01,RENAULT,Rosario,Luneta,114895.20099853333,45488.17924804774
2025-08-01,RENAULT,Rosario,Parabrisas,183392.52094360237,68623.35864631063
2025-08-01,RENAULT,Rosario,Puerta,50563.05974449911,22624.33010251152
2025-08-01,RENAULT,TIERRA DEL FUEGO,Aleta/Ventilete,85546.10954359865,56756.34410594925
2025-08-01,RENAULT,TIERRA DEL FUEGO,Custodia/Coleta,196003.52540489606,56756.34410594925
2025-08-01,RENAULT,TIERRA DEL FUEGO,Luneta,222377.80838425807,81608.08359375155
2025-08-01,RENAULT,TIERRA DEL FUEGO,Parabrisas,354953.2663424562,123113.76013434216
2025-08-01,RENAULT,TIERRA DEL FUEGO,Puerta,97863.98660225632,40589.18718619915
2025-08-01,TOYOTA,CABA,Aleta/Ventilete,42166.649519612234,28957.31842140268
2025-08-01,TOYOTA,CABA,Custodia/Coleta,150769.77110708697,28957.31842140268
2025-08-01,TOYOTA,CABA,Luneta,226040.51634087285,45403.30652021581
2025-08-01,TOYOTA,CABA,Parabrisas,264797.3651875461,63538.018296837974
2025-08-01,TOYOTA,CABA,Puerta,77226.79767830181,20708.76897255059
2025-08-01,TOYOTA,CORD_TUC_STAFE,Aleta/Ventilete,39757.126689920115,31635.87037538243
2025-08-01,TOYOTA,CORD_TUC_STAFE,Custodia/Coleta,142154.35561525344,31635.870375382427
2025-08-01,TOYOTA,CORD_TUC_STAFE,Luneta,213123.91540710873,49603.112373335774
2025-08-01,TOYOTA,CORD_TUC_STAFE,Parabrisas,249666.0871768292,69415.28498929548
2025-08-01,TOYOTA,CORD_TUC_STAFE,Puerta,72813.83781097029,22624.33010251152
2025-08-01,TOYOTA,Rosario,Aleta/Ventilete,37347.60386022799,31635.87037538243
2025-08-01,TOYOTA,Rosario,Custodia/Coleta,133538.94012341992,31635.870375382427
2025-08-01,TOYOTA,Rosario,Luneta,200207.31447334454,49603.112373335774
2025-08-01,TOYOTA,Rosario,Parabrisas,234534.8091661123,69415.28498929548
2025-08-01,TOYOTA,Rosario,Puerta,68400.87794363876,22624.33010251152
2025-08-01,TOYOTA,TIERRA DEL FUEGO,Aleta/Ventilete,72285.68489076383,56756.34410594925
2025-08-01,TOYOTA,TIERRA DEL FUEGO,Custodia/Coleta,258462.46475500622,56756.34410594925
2025-08-01,TOYOTA,TIERRA DEL FUEGO,Luneta,387498.02801292494,88990.48077962299
2025-08-01,TOYOTA,TIERRA DEL FUEGO,Parabrisas,453938.34032150765,124534.5158618024
2025-08-01,TOYOTA,TIERRA DEL FUEGO,Puerta,132388.796019946,40589.18718619915
2025-08-01,VOLKSWAGEN,CABA,Aleta/Ventilete,45518.36111605719,28957.318421402684
2025-08-01,VOLKSWAGEN,CABA,Custodia/Coleta,57969.077320916134,28957.318421402684
2025-08-01,VOLKSWAGEN,CABA,Luneta,156632.77333402055,45214.98015353313
2025-08-01,VOLKSWAGEN,CABA,Parabrisas,227298.6903105898,64074.50235971964
2025-08-01,VOLKSWAGEN,CABA,Puerta,61948.63849736927,20708.76897255059
2025-08-01,VOLKSWAGEN,CORD_TUC_STAFE,Aleta/Ventilete,42917.31190942535,31635.87037538243
2025-08-01,VOLKSWAGEN,CORD_TUC_STAFE,Custodia/Coleta,54656.5586168638,31635.870375382434
2025-08-01,VOLKSWAGEN,CORD_TUC_STAFE,Luneta,147682.3291435051,49397.36581773495
2025-08-01,VOLKSWAGEN,CORD_TUC_STAFE,Parabrisas,214310.19372141326,70001.39382799371
2025-08-01,VOLKSWAGEN,CORD_TUC_STAFE,Puerta,58408.71629751961,22624.33010251152
2025-08-01,VOLKSWAGEN,Rosario,Aleta/Ventilete,40316.26270279351,31635.87037538243
2025-08-01,VOLKSWAGEN,Rosario,Custodia/Coleta,51344.039912811444,31635.870375382434
2025-08-01,VOLKSWAGEN,Rosario,Luneta,138731.88495298964,49397.36581773495
2025-08-01,VOLKSWAGEN,Rosario,Parabrisas,201321.6971322367,70001.39382799371
2025-08-01,VOLKSWAGEN,Rosario,Puerta,54868.79409766993,22624.33010251152
2025-08-01,VOLKSWAGEN,TIERRA DEL FUEGO,Aleta/Ventilete,78031.47619895518,56756.344105949254
2025-08-01,VOLKSWAGEN,TIERRA DEL FUEGO,Custodia/Coleta,99375.56112157053,56756.34410594925
2025-08-01,VOLKSWAGEN,TIERRA DEL FUEGO,Luneta,268513.3257154638,88621.36110092494
2025-08-01,VOLKSWAGEN,TIERRA DEL FUEGO,Parabrisas,389654.89767529676,125586.02462505049
2025-08-01,VOLKSWAGEN,TIERRA DEL FUEGO,Puerta,106197.6659954902,40589.18718619915
